:020000040800F2
:10000000484A002085020008ED4000089B340008A3
:10001000D13E00080D180008E5520008000000005D
:10002000000000000000000000000000ED010008DA
:100030000F1800080000000031020008A14A000863
:100040009F0200089F0200089F0200089F0200080C
:100050009F0200089F0200089F0200089F020008FC
:100060009F0200089F0200089F0200089F020008EC
:100070009F0200089F0200089F0200089F020008DC
:100080009F0200089F0200089F0200089F020008CC
:100090009F0200089F0200089F0200081118000834
:1000A0009F0200089F0200089F0200089F020008AC
:1000B0001D4B00089F0200089F0200089F020008D5
:1000C0009F0200089F0200089F0200089F0200088C
:1000D0009F0200089F0200089F02000801510008CB
:1000E0009F0200089F0200089F0200089F0200086C
:1000F0009F0200089F0200089F0200089F0200085C
:100100009F0200089F0200089F0200089F0200084B
:100110009F0200089F0200089F020008294B000868
:100120009F0200089F0200089F0200089F0200082B
:1001300000F002F800F04BF80AA090E8000C8244AE
:100140008344AAF10107DA4501D100F040F8AFF28B
:10015000090EBAE80F0013F0010F18BFFB1A43F0A5
:10016000010318475C9100007C910000103A24BF05
:1001700078C878C1FAD8520724BF30C830C144BF0C
:1001800004680C607047000000230024002500264E
:10019000103A28BF78C1FBD8520728BF30C148BFEA
:1001A0000B607047642900F0F980752900F0F68033
:1001B000782900F02F81632900F0AD83732900F0C6
:1001C000B283002070471FB51FBD10B510BD00F0F1
:1001D000B7FB1146FFF7F7FF05F0E1FB00F0D5FB99
:1001E00003B4FFF7F2FF03BC05F00BF9224B1968CB
:1001F0000868B0E8F00F80F30988BFF36F8F4FF005
:10020000000080F311884EF00D0E704700000000D2
:1002100006480068006880F3088862B661B6BFF3DC
:100220004F8FBFF36F8F00DF00BF00BF08ED00E00E
:10023000EFF30980BFF36F8F0F4B1A6820E9F00FBF
:10024000106008B54FF0500080F31188BFF34F8F56
:10025000BFF36F8F06F016FD4FF0000080F311889A
:10026000BDE8084019680868B0E8F00F80F3098815
:10027000BFF36F8F704700BF4C000020EFF3058085
:10028000704700000948804709480047FEE7FEE73D
:10029000FEE7FEE7FEE7FEE7FEE7FEE7FEE7FEE736
:1002A00004480549054A064B70470000194B0008F1
:1002B0003101000848440020484A002048460020F8
:1002C00048460020704700000FB41CB50C0007AA78
:1002D000009001D02044401E074B7B4469460190AA
:1002E000069800F0EEFA002C03D06946002000F0DA
:1002F000FBFA1CBC5DF814FB1506000070B5044643
:1003000085690068C10601D5302600E02026C007B7
:1003100007D070BDD4E9012130469047206A401CC7
:1003200020626D1EF6D570BD70B5044685690078F3
:10033000C00707D170BDD4E9012120209047206A71
:10034000401C20626D1EF6D570BD70B50C4605468A
:10035000012A05D02878800600D5EA69002302E04A
:10036000012305E05B1C934202D2E05C0028F9D136
:10037000A869E618C01AA861286A184428622846A5
:10038000FFF7BCFF04E0D5E9012114F8010B904709
:10039000B442F8D32846FFF7C7FF70BD2DE9F041FE
:1003A0000646002410687529314616A510D0AFF313
:1003B0000080002802DA404213A507E031688A076E
:1003C00001D512A502E0490704D511A5012401E0D9
:1003D000AFF3008000210A2206F1240709E0B0FBF8
:1003E000F2FCB0FBF2F302FB1C00303078541846EC
:1003F000491C0028F3D123462A463046BDE8F04187
:1004000000F000BA000000002D0000002B000000EA
:100410002000000070B504460D4621461068AFF379
:1004200000802188090502D50F4A7A4402E00E4A6D
:100430007A440E32002104F1240305E000F00F0697
:100440000009965D5E54491C0028F7D120780023EE
:10045000000704D5702D02D009B1022311322046C5
:10046000BDE8704000F0CEB9AA8B00002DE9F05F26
:10047000894604464FF0000ADFF874B1FB44C0F827
:1004800020A02046E1688847002874D0252806D09F
:10049000D4E901219047206A401C2062F1E7002640
:1004A0005F462046E16888472028054607DB312D56
:1004B00005D2781910F8200C08B10643F1E7B0070F
:1004C00001D526F00406C4F81CA00027C4F818A023
:1004D0002A2D09D0284604F08DFF38B304EB870895
:1004E000303DC8F8185019E059F8041B204604EBB9
:1004F00087029161E1688847012F054618D1E069BC
:10050000002820DA26F020061DE0D8F8180000EBBD
:10051000800005EB40003038C8F818002046E1683C
:100520008847054604F066FF0028EED1012F0AD067
:100530002E2D08D12046E16888477F1C0546022FF2
:1005400046F02006C4DBA069002803DA404246F0EA
:100550000106A061F00701D026F010066C2D0BD02B
:10056000682D09D04C2D39D06A2D35D0742D35D059
:100570007A2D33D016E038E0E1682F4620468847D0
:10058000B842054609D16C2F26D04FF48060E1684F
:10059000064320468847054604E06C2F1AD04FF4E6
:1005A000807006430DB3A5F14100192802D820350B
:1005B00046F400664A462946204626604E46FFF726
:1005C000F1FD80B101280BD0F61D26F0070000F1E7
:1005D000080956E74020E4E78020D8E70020D6E766
:1005E00006F104094DE7284652E7206ABDE8F09F6E
:1005F000808B000030B505460B462A4613F8014BA8
:1006000012F8010B08B1A042F8D01CB1002802D0AA
:100610006D1CF1E7284630BD10B5431C02E010F810
:10062000011B71B18107FAD14FF0013202C88C1A57
:100630008C4314EAC211F9D0C01A0A0603D0C01EB6
:1006400010BDC01A10BD0A0401D0801E10BD0902E1
:10065000FCD0401E10BD032A40F2308010F0030C85
:1006600000F0158011F8013BBCF1020F624498BF05
:1006700011F801CB00F8013B38BF11F8013BA2F1A2
:10068000040298BF00F801CB38BF00F8013B11F01D
:10069000030300F02580083AC0F0088051F8043BBD
:1006A000083A51F804CBA0E80810F5E7121D5CBF2A
:1006B00051F8043B40F8043BAFF30080D20724BF5D
:1006C00011F8013B11F801CB48BF11F8012B24BFF1
:1006D00000F8013B00F801CB48BF00F8012B704740
:1006E00010B5203AC0F00B80B1E81850203AA0E8CD
:1006F0001850B1E81850A0E81850BFF4F5AF5FEA01
:10070000027C24BFB1E81850A0E8185044BF18C9B3
:1007100018C0BDE810405FEA827C24BF51F8043B5A
:1007200040F8043B08BF7047D20728BF31F8023BAE
:1007300048BF11F8012B28BF20F8023B48BF00F842
:10074000012B704702F0FF0343EA032242EA024210
:1007500000F002B84FF000020429C0F0128010F03F
:10076000030C00F01B80CCF1040CBCF1020F18BF8D
:1007700000F8012BA8BF20F8022BA1EB0C0100F020
:100780000DB85FEAC17C24BF00F8012B00F8012BF3
:1007900048BF00F8012B70474FF0000200B5134628
:1007A00094469646203922BFA0E80C50A0E80C5091
:1007B000B1F12001BFF4F7AF090728BFA0E80C5042
:1007C00048BF0CC05DF804EB890028BF40F8042B3B
:1007D00008BF704748BF20F8022B11F0804F18BFA8
:1007E00000F8012B7047704770477047704710B58D
:1007F00000F09EF8006810BD10B5044600F098F8AF
:10080000046010BD2DE9F0470D4699469246044616
:1008100000F124080168880604D5E06921F0100180
:10082000216000E00120A84201DD471B00E0002715
:10083000A1697A1902EB0900081AA0612078C006A4
:1008400002D42046FFF75AFD002608E0D4E9012132
:100850001AF806009047206A401C761C20624E451C
:10086000F4DB2078C0060AD52046FFF747FD06E0F6
:10087000D4E9012130209047206A401C2062381EB4
:10088000A7F10107F4DC07E0D4E9012118F805001D
:100890009047206A401C2062281EA5F10105F3DC68
:1008A0002046FFF741FD2078000602D50220BDE872
:1008B000F0870120FBE7000001694A1C026108780B
:1008C000704700B58FB0CDE9013100210591054990
:1008D0007944CDE9031011466846FFF7C7FD0FB014
:1008E00000BD0000E5FFFFFF0A6802F8010B0A6087
:1008F0007047D1E900239A4202D2531C0B6010705A
:10090000704710B5436913B1AFF3008001E0FFF702
:100910001CFD012010BD127800F124010A70002294
:100920004A700122EDE711684FF0FF32E9E700005D
:1009300000487047E443002000487047E44300202B
:100940007546FFF7F9FFAE4605006946534620F0AD
:100950000700854618B020B5FFF7A2FCBDE820408F
:100960004FF000064FF000074FF000084FF0000B6B
:1009700021F00701AC46ACE8C009ACE8C009ACE81E
:10098000C009ACE8C0098D46704710B50446AFF306
:1009900000802046BDE81040FFF722BC2DE9F0475B
:1009A0009846DDE9084691460F46050030D0002FF5
:1009B0002ED0002C2CD0002E2AD0014614223046F6
:1009C000FFF78EFE2978002009B9697839B1A1793D
:1009D00031B12268A8EB0201B1F5FA7F13D3A071FF
:1009E000B9F1000F14D0397A002911D0F988B1F586
:1009F000E17F0DD8297801290AD1C4F800806988DF
:100A0000A1800121A171FF2131707070A0887080D8
:100A1000BDE8F0872DE9F0439DB0174689460600F2
:100A20001D464FF000081CD0B9F1000F19D0264C1C
:100A3000E069B0B105B902AD284600F0CBFD002356
:100A40001A4601A9E06905F02FF80028F7D03046D2
:100A5000FFF7E2FD82B2642331461C4802F0CCFC71
:100A600018B100201DB0BDE8F08301F01BF9064667
:100A700020E000BF01F016F9801BB8421FD23B1ADC
:100A8000002201A9E06905F00FF8C0B99DF8041033
:100A9000284600F0A5FD4946284600F090FD10B11B
:100AA0004FF0010802E0B8F1000F03D09DF80400F8
:100AB0000A2806D001F0F6F8801BB842DAD3404687
:100AC000D0E70120CEE700000000002080060020D3
:100AD00010B59AB04CA000F01DFC4FF4165000F079
:100AE000D3F908B156A08BE0FA2004F073FF4FF45D
:100AF00096746B4622465BA15DA0FFF78BFF38B969
:100B00006B4622465EA15FA0FFF784FF002873D0EA
:100B10005EA000F0FFFB6B46224664A165A0FFF7D4
:100B200079FF28B166A1684600F049FD002815D17B
:100B300066A000F0EFFB0023224651A16CA0FFF756
:100B400069FF322004F046FF6B46224657A159A0A8
:100B5000FFF760FF5AA1684600F031FD08B169A0B7
:100B600000E072A000F0D6FB6B4622464FA17CA0AD
:100B7000FFF750FF20B152A1684600F020FDA8B950
:100B80007AA000F0C7FB002322463DA180A0FFF71A
:100B900041FF322004F01EFF6B46224643A170A0A5
:100BA000FFF738FF46A1684600F009FD08B17DA0B7
:100BB00000E086A000F0AEFB6B46224690A192A01A
:100BC000FFF728FF20B193A1684600F0F8FC40B978
:100BD00092A000F09FFB0023224629A196A0FFF7D8
:100BE00019FF0023224626A196A0FFF713FFC82075
:100BF00004F0F0FE03E0FFE795A000F08BFBA148B6
:100C000000F088FB1AB010BD2362742C61743D7033
:100C1000726F62652C6D6F64756C653D4A44592D29
:100C200033332C626175643D393630302C6E616D22
:100C3000653D42794361723332310D0A0000000094
:100C40002362742C61743D756172745F6572726F9A
:100C5000722C66616C6C6261636B3D393630300DAD
:100C60000A0000002B56455253494F4E3D000000EC
:100C700041542B56455253494F4E0D0A0000000077
:100C80002B4F4B0041540D0A000000002362742CCE
:100C900061743D72656164792C6D6F64756C653D3E
:100CA0004A44592D33330D0A000000002B4E414DAC
:100CB000453D000041542B4E414D450D0A000000BA
:100CC0004279436172333231000000002362742C98
:100CD0006E616D653D7370702C7365742C746172F8
:100CE0006765743D42794361723332310D0A000009
:100CF00041542B4E414D4542794361723332310D9F
:100D00000A0000002362742C6E616D653D73707083
:100D10002C76616C75653D42794361723332312CBA
:100D20007374617475733D6F6B0D0A002362742CCC
:100D30006E616D653D7370702C76616C75653D42BA
:100D4000794361723332312C7374617475733D76FB
:100D500065726966795F6661696C65640D0A000099
:100D600041542B4E414D420D0A0000002362742C69
:100D70006E616D653D626C652C7365742C74617277
:100D80006765743D42794361723332310D0A000068
:100D900041542B4E414D4242794361723332310D01
:100DA0000A0000002362742C6E616D653D626C6503
:100DB0002C76616C75653D42794361723332312C1A
:100DC0007374617475733D6F6B0D0A002362742C2C
:100DD0006E616D653D626C652C76616C75653D423A
:100DE000794361723332312C7374617475733D765B
:100DF00065726966795F6661696C65640D0A0000F9
:100E00002B424155443D000041542B424155440D75
:100E10000A0000002B424155443D34002362742CEB
:100E2000626175643D7365742C76616C75653D39DE
:100E30003630300D0A00000041542B4241554434F5
:100E40000D0A000041542B52455345540D0A000031
:100E50002362742C61743D6E6F745F6465746563A6
:100E60007465642C6D6F64756C653D4A44592D330F
:100E7000332C66616C6C6261636B3D72656D6F747F
:100E8000650D0A004091000870B50E4C002506461D
:100E900065700D4802F051F80B48466002F0E4F925
:100EA00000280DD1E06908B104F090FE01206070C7
:100EB00002460449044802F071FA002800D0657027
:100EC00070BD0000000000208006002070B50D00FD
:100ED000044632D0002028606860A860002C2CD026
:100EE000608807F0D1FC154907F016FD144907F09A
:100EF00013FD144907F0D2FB064694F9000007F0F1
:100F0000ABFC012107F0E5FE314607F005FD286046
:100F1000A07900B9022007F0B7FC064694F9010059
:100F200007F09AFC084907F0F7FC314607F0B6FBDA
:100F30006860207800B10120287270BD0AD7A33BF9
:100F400000606A47997C5243000058422DE9FC41F9
:100F50001D4690460E4607004FF0010435D0002E86
:100F600033D0002005E000BF04EB84014C00401C9E
:100F7000C0B2A842F8D3204607F06EFC414607F005
:100F8000CBFC4FF07C5110F1FF4F02D207F012FB67
:100F900001E007F0C9FD07F043FC002808DA4042F1
:100FA00090FBF4F390FBF4F104FB110008A206E0BF
:100FB00090FBF4F390FBF4F104FB110007A2CDE9E0
:100FC000005031463846FFF77FF9BDE8FC8100004C
:100FD0002D256C642E25302A6C640000256C642E4F
:100FE00025302A6C640000002DE9F04FCBB057ADDE
:100FF000DFF8A09095E8100CDDE95576D9F8185087
:10100000DDF85081002D41D0002B3FD05FEA080C65
:101010003CD0002F3AD0002E38D0002C36D0009093
:10102000ADF8081001922422194603A8FFF758FBD7
:10103000242241460CA8FFF753FB1C22394615A871
:10104000FFF74EFB142231461CA8FFF749FB94E83A
:1010500007000DF1840C00238CE807008DF890A0A8
:101060008DF891B01A4669464C46284604F07AFD40
:1010700000280BD000231A4625A9A06904F014FD0E
:1010800000231A466946A06904F06CFD4BB0BDE828
:10109000F08F0000000000202DE9F041174C4FF4C4
:1010A00080773946204600F0F3FD01281ED0002647
:1010B0001021204600F0ECFD012819D05FF000055A
:1010C0004FF40071204600F0E3FD012812D0002407
:1010D00039460B4800F0DCFD01280DD000232246E4
:1010E00029463046BDE8F04102F002BC0126DFE7A8
:1010F0000125E5E70124EBE70123F0E700100140BB
:10110000000C0140F0B5B1B0002927D091F90020C2
:10111000012A25D0521C25D016A400BF91F9012028
:10112000531C21D0012A21D013A2CB79012B1FD02F
:1011300012A38E798D880F694988CDE90034CDE9F5
:1011400002210DF1100C03468CE8E0000C4AA821A6
:1011500007A8FFF7B9F807A800F0DCF831B0F0BD38
:1011600008A4DBE708A4D9E708A2DEE7084ADCE721
:1011700008A3DEE7530000004E0000004D414E0082
:101180008491000846000000420000004C0000006E
:10119000EC1200084C494E4500000000F0B5E7B0E5
:1011A00004007CD00223122154A86269FFF7CEFE0E
:1011B0000223122159A8A269FFF7C8FE63A904F10E
:1011C0007000FFF783FE012312215EA8639AFFF7E8
:1011D000BDFE94F8780008B137A200E038A294F977
:1011E0007000012817D0401C17D037A594F9710062
:1011F000411C14D0012814D034A3E06F98B12168A9
:10120000B1EB000194F86E00062818D2DFE800F078
:10121000170D0F1113152EA5E8E72EA5E6E72EA34F
:10122000EBE72EA3E9E70021ECE72DA008E02DA0D5
:1012300006E02FA004E030A002E031A000E032A0E0
:1012400094F891E094F88CC0B4F88A706668CDE99F
:1012500012CECDE910672689B4F95270B4F950C0A6
:10126000CDE90E06CDE90CC7D4E9157CB4F9300000
:101270000DF1200EB4F932608EE8C110B4F872009E
:101280000295CDE90330CDE900210DF1140E0DF5E5
:10129000B27C54AF5EAE8EE8C0101D4A00E008E09C
:1012A0004FF4807114A82368FFF70EF814A800F01B
:1012B00031F867B0F0BD00004C494E4B0000000013
:1012C00049444C4500000000530000004E0000005F
:1012D00046000000420000004C00000052000000E8
:1012E00052554E00494D555F4552524F5200000035
:1012F00054494C540000000054494D454F5554008A
:101300004F56455252554E0053544F50504544008D
:10131000DC91000870B506004FF000041DD00F4DA1
:10132000A86A50B104F07AFB022806D16421A86AA9
:1013300004F05DFC002810D101243046FFF76CF961
:1013400082B264233146064802F056F8002C04D0DD
:10135000A86ABDE8704004F0A7BC70BD0000002082
:101360003806002070B50D46040003D01C21FFF79D
:1013700013FAA57670BD00003EB5040016D00C4DE2
:10138000686A002812D000231A46214604F0EAFBBE
:1013900000280BD000231A466946686A04F084FBD3
:1013A00000231A462146686A04F0DCFB3EBD0000BB
:1013B00000000020AFF30080002802D0002101606F
:1013C000416070472DE9FF4F87B04FF00007159E31
:1013D00015460C00BA4616D0ADB195F8220090B172
:1013E0005549A8684FF00109884202DC53498842F8
:1013F0000ED92046FFF7E0FF0321079800F0CEF852
:101400000BB0BDE8F08F0846FFF7D6FF0221F4E7E6
:101410001C216846FFF7C0F9DFF8248166B1D6E9E0
:101420000070484907F078FA8246307A20B1504679
:10143000296907F0BFF882464349A86807F074FBA2
:1014400006464249E86807F067FA054640493046D3
:1014500007F062FA294607F0ADF88346149807F0C2
:10146000FBF905460A9807F0F7F9294607F0A2F8B4
:10147000384907F051FA05463749206807F04CFA19
:10148000294607F097F801462060606807F092F857
:10149000394607F049FB314906460D4607F008FB7F
:1014A00005D345464046314607F002FB01D22846A7
:1014B00000E030462A49606007F02EFA0546022116
:1014C000206807F006FC294607F074F805465846E0
:1014D00000F055F80090284600F051F80190DDE941
:1014E0000001084402902068039060680490504610
:1014F00000F045F8B0F5004F02DB47F6FF7103E05E
:101500001849884200DB01B2029CADF8141008199A
:1015100000F02AF8ADF81600BDF91400201A00F00A
:1015200023F8ADF818008DF81A901C226946079828
:10153000FFF7D6F864E7000000002042000020C258
:10154000008CB9C800002842000080BF0000504154
:10155000000082430AD7233E3D0A573F008CB9481A
:101560000AD7A33C0080FFFF41F6F421884202DC49
:101570004942884201DA0846704700B2704710B508
:101580004FF07C5110F1FF4F02D207F013F801E049
:1015900007F0CAFABDE8104007F042B930B587B08D
:1015A0000C4605461C216846FFF7F6F88DF81A40F0
:1015B0001C2269462846FFF793F807B030BD10B5E6
:1015C00030B129B1FFF716F8002800D0012010BD76
:1015D000002010BD002802D06421FFF7DDB870475D
:1015E000002808D0026E5F2A05D28154016E491C82
:1015F000002201664254704770B50446C0790D461A
:10160000012808D06088284400F021F86080002D6F
:1016100007DD012006E0A088084400F018F8A0804B
:1016200001E00220A07100202070607070BD0028D1
:101630000CD0027A002A09D0C268891A0269914244
:1016400004D300210170417001724172704700287B
:1016500001DA002070474FF4FA71884201DD084634
:10166000704780B27047002810D00021017041708F
:101670004FF448724280C822828002228271C17176
:1016800001724172C1604FF4FA710161704770B527
:101690001646040038D0627A0125002042B1012AA2
:1016A000607209D032462046BDE8704000F065B84F
:1016B0004F2903D1657227E04E2923D04FF0FF3226
:1016C0000A2921D03CD9312920D0322922D06FF0EB
:1016D0006303332920D0612923D058291AD05929EE
:1016E0001AD041291FD0452920D042293DD0432975
:1016F0003BD0442939D046293BD0472939D0482905
:1017000037D00EE002206072002070BD204600F04D
:1017100072F80EE0642100E019462046FFF76CFFE6
:1017200007E0207004E0E071257001E0E0712270B4
:10173000607025724FF4FA70C4E90360012070BD37
:10174000A5710129EFD00529F0D002290DD0032978
:101750000BD0042909D006290BD0072909D0082964
:1017600007D00029DDD1E071DBE7E0712070657002
:10177000DFE7E07120706270DBE72DE9F0410126C0
:101780009046044642F210754B291AD0312918D0E0
:101790004FF4FA77322917D0332917D00020412986
:1017A00019D0421E422919D043291BD044291DD0EB
:1017B00020706070276126720120C4F80C80BDE89B
:1017C000F08100F018F814E0642101E06FF063018B
:1017D000FFF712FFEEE7E071267001E0E071227082
:1017E000607006E0E0712070627002E0E0712070CD
:1017F00066702561DFE7C179012901D0012100E090
:101800000021C1710021017041707047FEE77047EF
:101810004FF4007000F034B92DE9F0412148006820
:10182000416A21480068436A204A10885488081A8F
:101830001C1B118061421E4C00B253800DB22080EF
:101840006580616801446160A1682944A16007F076
:1018500003F8184F394607F05FF80646E06028465F
:1018600006F0FAFF394607F057F820616569074628
:101870002946304607F058F90F4E314607F04CF82C
:10188000294606F097FE6061A5693846294607F0AB
:101890004BF9314607F040F8294606F08BFEA0616F
:1018A000BDE8F081A8050020F005002036000020EA
:1018B000F4040020879D333FCDCC4C3E72B6FEE74A
:1018C00010B590F821100022022905D0042181636F
:1018D00080F82020012010BD01680B6823F00E0362
:1018E0000B6001680B6823F001030B6090F8403037
:1018F000C46B012101FA03F3636080F8211080F8C2
:101900002020104610BD00002DE9F05F90F8211056
:101910000024022903D004218163012485E00168A9
:101920000A6822F00E020A6001680A6822F00102C9
:101930000A603F4E3E4FB215DFF8F4C0DFF8F0907A
:10194000DFF8ECA0DFF8E8B0DFF8E4E00168783F0A
:1019500013011502ACF1640CA9F15009AAF13C0A7B
:10196000ABF1280BAEF1140E4FF48018B14227D919
:10197000B9420ED0614512D049451DD0514518D00D
:10198000594518D0714501D1424615E0294EB14262
:1019900001D1012210E0274E1436B14201D11022AC
:1019A0000AE0244E2836B14206D0224A3C32914207
:1019B00001D11A4600E02A461E49091F0A602BE0A1
:1019C000B94213D0614517D0494522D051451DD0A9
:1019D00059451DD0714501D142461AE0B14202D1AC
:1019E0004FF0807215E0134EB14201D1012210E098
:1019F000104E1436B14201D110220AE00D4E2836A5
:101A0000B14206D00B4A3C32914201D11A4600E065
:101A10002A46074980394A60012180F821100021B7
:101A200080F82010416B01B188472046BDE8F09F47
:101A30008000024008040240806B704770B5044685
:101A400000F030F90546601C02D0044800780444D8
:101A500000F028F9401BA042FAD370BD3C000020E2
:101A6000B0F5007F09D105484168491C4160806894
:101A7000002802D0012104F05FB970470000002067
:101A8000044910B50A68024202D00860FFF7E8FF77
:101A900010BD0000140401402DE9F84FDFF8C89193
:101AA0000024A9F1040B23460F2709F1040AABF126
:101AB000040ED1E00125A54006EA0502AA4276D12E
:101AC000DFF8A8C14E68A6EB0C0866452BD00DDCEC
:101AD000032E34D005DC36B3012E19D0022E2FD1BF
:101AE0001BE0112E16D0122E2AD119E0B8F5881F4E
:101AF00019D006DCB8F5803F15D0B8F5801F1FD18E
:101B000011E0B8F5001F0ED0B8F5041F18D10AE097
:101B1000CB6815E0CB681B1D12E0CB6808330FE0E3
:101B2000CB680C330CE08B682BB1012B4FF0080312
:101B300003D0456104E0042302E0056100E00023D6
:101B4000FF2A01D8064601E000F104064FEA8405A9
:101B500001D9A5F12005D6F8008007FA05FC28EA8E
:101B60000C0803FA05F548EA0508C6F800804D6838
:101B7000ED0070D53E4DAE6946F00106AE61AD692F
:101B800024F0030605F0010500953A4D06EB050C1F
:101B9000DCF80850A607360F07FA06F825EA08050C
:101BA000DFF8D480404503D14FF0000825E052E033
:101BB000DFF8C880404502D14FF001081DE0DFF892
:101BC000C080404502D14FF0020816E0DFF8B48033
:101BD000404502D14FF003080FE0DFF8AC804045EC
:101BE00002D14FF0040808E0DFF8A080404502D1A0
:101BF0004FF0050801E04FF0060808FA06F848EA39
:101C00000508CCF808804D68D9F80060ED024D4613
:101C100001D5164300E096432E604D68DAF8006067
:101C2000AD02554601D5164300E096432E604D683F
:101C3000DBF80060AD035D4601D5164300E0964336
:101C40002E604D68DEF80060ED03754601D5164341
:101C500000E096432E60641C0A681646E2407FF45A
:101C600029AFBDE8F88F0000080401400000111002
:101C7000001002400000014000080140000C01403B
:101C8000001001400014014000180140001C0140F8
:101C90008068084000D0012070470AB10161704798
:101CA0000904FBE701488068704700003C00002001
:101CB0000248816802781144816070473C0000202E
:101CC000074810B5016841F010010160032000F0E1
:101CD000A7F80F2000F006F800F050F8002010BD23
:101CE0000020024030B505461F4887B0C16941F069
:101CF0002001C161C06906A900F02000009001A880
:101D000000F036F90498B0B100F052F940001749DC
:101D1000174AB0FBF1F11748491E0260416040F2DA
:101D2000E7320021C0E903218160816100F056FBA8
:101D3000040003D015E000F03BF9E8E70D4800F09F
:101D40008FFB04000DD1372000F03CF8102D07D296
:101D500000222946372000F043F80748056000E0DC
:101D6000012407B0204630BD0010024040420F0061
:101D700000140040C8060020400000200F4808B5AD
:101D8000816941F001018161816901F001010091E6
:101D9000C16941F08051C161C069002200F08050EA
:101DA00000900F21901E00F01BF80548416821F0BB
:101DB000E06141F00071416008BD00000010024088
:101DC00000000140002809DB00F01F0201219140C2
:101DD0004009800000F1E020C0F8001170470000C9
:101DE000F0B40E4B1B680C46C3F30223C3F1070586
:101DF000042D00D90425191D072901D2002300E074
:101E0000DB1E012606FA05F1491E214099409E403D
:101E1000761E16403143F0BC03F079BA0CED00E0B9
:101E2000064900F0070208684FF6FF03184040EA31
:101E30000220034A10430860704700000CED00E0E8
:101E40000000FA052DE9F0470F46050061D0434E2A
:101E5000306800F00700B84209D2306820F007006F
:101E600038433060306800F00700B84251D128682C
:101E70003B4C810712D5400703D5606840F4E06011
:101E800060602878000703D5606840F460506060A7
:101E90006068A96820F0F000084360602878C007F7
:101EA00028D06868012810D02168022810D089073E
:101EB00000292EDA616821F0030101436160FFF718
:101EC000F1FE804641F288390DE021688903EFE791
:101ED0008901EDE7FFF7E6FEA0EB0801494502D9CD
:101EE0000320BDE8F0876068696800F00C00B0EB83
:101EF000810FEFD1306800F00700B8420BD930688D
:101F000020F0070038433060306800F00700B84226
:101F100001D00120E5E72878400705D56068E96829
:101F200020F4E060084360602878000706D5606808
:101F3000296920F4605040EAC100606000F058F860
:101F40006168084AC1F30311515CC8400649086042
:101F500006480068FFF7C6FE0020C2E700200240E6
:101F600000100240C08F0008480000204000002000
:101F70000F2202600C4A536803F003034360536866
:101F800003F0F0038360536803F4E063C3605268B6
:101F90004FF4E06303EAD20202610448006800F0F3
:101FA0000700086070470000001002400020024057
:101FB0000448054900684968044AC1F30221515C9C
:101FC000C84070474800002000100240D08F000831
:101FD0000448054900684968044AC1F3C221515CBC
:101FE000C84070474800002000100240D08F000811
:101FF0000E4A51680E4801F00C03042B11D0082B37
:102000000FD10C48C1F38343C903C05C0AD55168A2
:10201000084AC1F34041921E515C054A5043B0FB4F
:10202000F1F0704704494843704700000010024037
:1020300000127A00B08F000800093D002DE9F84F2A
:10204000040070D02078C04DC00749D06868C0F344
:102050008100012807D06868C0F38100022809D1F7
:102060006868C00306D52868800339D560680028F1
:10207000E7D035E06068B0F5803F0BD010B1B0F527
:10208000A02F11D0286820F480302860286820F420
:10209000802002E0286840F480302860606890B1B9
:1020A000FFF700FE06460AE0286840F4802028601A
:1020B000F0E700BFFFF7F6FD801B642873D828689F
:1020C0008003F7D50CE0FFF7EDFD064605E000BF05
:1020D000FFF7E8FD801B6428F0D828688003F7D458
:1020E00020789A4E80074FF001094FF0000839D54B
:1020F000686810F00C0F07D06868C0F381000228F0
:1021000009D16868C00306D42868800714D52069FF
:10211000012808D110E02069B0B1C6F80090FFF79F
:10212000C1FD074605E00AE1FFF7BCFDC01B022820
:10213000C4D828688007F7D52868616920F0F800BE
:1021400040EAC10028600DE0C6F80080FFF7AAFD54
:10215000074604E0FFF7A6FDC01B022823D8286825
:102160008007F7D4207800072CD57948A169D9B128
:10217000C0F80090FFF796FD074604E0FFF792FDD8
:10218000C01B02280FD8686A8007F7D571484FF442
:10219000FA510068B0FBF1F0009000BF0098411EBA
:1021A0000091FAD20EE080E0C0F80080FFF77AFDDF
:1021B000074604E0FFF776FDC01B022875D8686A61
:1021C0008007F7D42078400760D5E8690027C00071
:1021D00008D4E86940F08050E861E869012700F020
:1021E000805000905C480168C90513D4016883469B
:1021F00041F480710160FFF755FD824606E000BFA3
:10220000FFF750FDA0EB0A0064284ED8DBF8000071
:10221000C005F5D5E06801280AD008B1052813D01B
:10222000286A20F001002862286A20F0040002E0F9
:10223000286A40F001002862E06841F2883B98B1CA
:10224000FFF730FD82460BE0286A40F00400286268
:10225000EEE700BFFFF726FDA0EB0A0159455AD86B
:10226000286A8007F6D50CE0FFF71CFD824605E0E2
:10227000FFF718FDA0EB0A0159454CD8286A8007E2
:10228000F6D41FB1E86920F08050E861E06988B3B6
:102290006968C1F38101022944D00228C6F8608030
:1022A00004D0FFF7FFFC044638E034E0FFF7FAFC07
:1022B000074604E0FFF7F6FCC01B02282BD828686D
:1022C0008001F7D4206AB0F5803F05D16868A16825
:1022D00020F4003008436860D4E9080108436968C5
:1022E00021F4741108436860C6F86090FFF7DAFCC7
:1022F000044606E025E000BFFFF7D4FC001B0228DF
:1023000009D828688001F7D51BE000BFFFF7CAFC99
:10231000001B022802D90320BDE8F88F286880013D
:10232000F4D40EE00128F7D06868226A00F4803106
:10233000914204D1616A00F47010884201D00120FA
:10234000EAE70020E8E700000010024000004242F7
:1023500080044242480000200070004070477047EF
:1023600070B590F83C20012A2CD0012480F83C4024
:10237000022280F83D2003685A689D6822F07006AA
:102380000A6832435A60104B02689A420ED00F4BD3
:102390009A420BD0B2F1804F08D00D4B9A4205D033
:1023A0000C4B9A4202D00C4B9A4204D1496825F05A
:1023B00080031943916080F83D40002180F83C1073
:1023C000084670BD022070BD002C01400034014061
:1023D0000004004000080040000C004010B504005C
:1023E00003D094F83D0010B107E0012010BD00209B
:1023F00084F83C00204600F01FF8022084F83D00DD
:10240000211D206802F096FB012084F8460084F824
:102410003E0084F83F0084F8400084F8410084F8CE
:10242000420084F8430084F8440084F8450084F8AE
:102430003D00002010BD000008B500680649884234
:1024400008D10648C16941F00201C161C06900F0CC
:102450000200009008BD000000040040001002408F
:1024600090F83D10012901D001207047022180F829
:102470003D100168CA6842F00102CA6000680E4956
:1024800088420ED00D4988420BD0B0F1804F08D061
:102490000B49884205D00B49884202D00A4988423C
:1024A00004D1816801F00701062903D0016841F0D9
:1024B0000101016000207047002C01400034014000
:1024C0000004004000080040000C00400168CA6899
:1024D00022F00102CA6001680A6A41F211131A422D
:1024E00007D10A6A9B101A4203D10A6822F001023E
:1024F0000A60012180F83D100020704770B5044645
:1025000090F83C000025012817D0012684F83C6093
:10251000022084F83D002068826822F0770222F4CD
:102520007F4282600868502838D00DDC20284FD0C8
:1025300005DC90B3102811D14AE0022070BD30288C
:1025400046D040280AD13BE060282FD070280DD01B
:10255000B0F5805F03D0B0F5005F12D0012584F89C
:102560003D60002084F83C00284670BDCB68D1E96E
:102570000121206802F039FB2068816841F0770171
:1025800009E0CB68D1E90121206802F02EFB206828
:10259000816841F480418160E1E719E0CA684968D7
:1025A000206802F0F7FB5021206806E0CA684968FD
:1025B000206802F037FC6021206802F020FBCEE7A3
:1025C000CA684968206802F0E5FB40212068F4E70A
:1025D000226801461046F0E72DE9F0410D4604005F
:1025E00003D094F83D0018B108E00120BDE8F08167
:1025F000002084F83C00204600F040F8022084F8D7
:102600003D002068816844F2070291438160211DEA
:10261000206802F08FFA226890689169166A2B6828
:10262000AF69034340F20330814341EA0721A868C0
:10263000EF6908434FF6FC418843E96840EA072008
:10264000014328692F6A000140EA0730084369689E
:102650006D6926F0220646EA051529439360226833
:10266000906154F8460B0162012004F81F09E075DF
:102670002076E0762077A0750020B7E700B585B01A
:10268000002100910191029103911A4B02681A48AE
:10269000C0219A4213D1C26942F00402C261C269E8
:1026A00002F004020492826942F0080282618069A9
:1026B000009100F0080004906946104815E0104BA6
:1026C0009A4214D1826942F400528261826902F412
:1026D00000520492826942F0100282618069009186
:1026E00000F01000049069460648FFF7D5F905B0E0
:1026F00000BD00000008004000100240000C014036
:10270000003401400010014070B590F83E6004466E
:1027100090F83F5090F8423090F84320022021B1C9
:1027200004290ED0012E1BD114E0012E18D1012B4B
:1027300016D184F83E0084F842000122002120686E
:1027400020E0012D0CD1012A0AD184F83F0084F841
:10275000430014E0012D03D1012B01D1012A01D046
:10276000012070BD84F83E0084F83F0084F84200E8
:1027700084F8430001220021206802F029FA012296
:102780000421206802F024FA2068016841F0010168
:102790000160002070BD000010B5002827D002683D
:1027A000B2F1804F23D1017F022920D113490B7848
:1027B000012B0ED00978022919D1042100F0A6FBC3
:1027C00080B2A0F1640147F2CB42914210D80121BE
:1027D0000FE0002353620268136A23F0A003136220
:1027E0000068026A42F0200202620220087010BDF6
:1027F0000021BDE8104002F097BC00002C00002032
:102800002DE9F041054690F83C0000260C460128D1
:1028100010D0012085F83C0072B1042A1CD0082A8F
:102820002CD00C2A50D00126002085F83C003046E0
:10283000BDE8F0810220FBE7D4E90012E3682868D4
:1028400002F0BAFA2868816921F00C0181612868D8
:102850008169A26811430FE0D4E90012E368286897
:1028600002F0F2FA2868816921F4406181612868E8
:102870008169A26841EA02218161D5E72868D4E92B
:10288000002C277B036A016A21F480710162C1690F
:1028900023F4007321F0030141EA0C0121F0F00C54
:1028A00039074FF400774CEA116107EA02221A4314
:1028B000C16102622868C16921F00C01C161286808
:1028C000C169A26811432BE02868D4E90021E768B8
:1028D000036AD0F820C02CF4805CC0F820C0D0F887
:1028E0001CC023F400532CF4407C4CEA012121F459
:1028F000704C4FF6FF7101EA07314FF4005741EA7F
:102900000C0107EA02321A43C16102622868C169F8
:1029100021F44061C1612868C169A26841EA0221CD
:10292000C16181E710B5040003D094F83D0010B1F7
:1029300007E0012010BD002084F83C00204600F094
:102940001FF8022084F83D00211D206802F0F2F8F3
:10295000012084F8460084F83E0084F83F0084F8A3
:10296000400084F8410084F8420084F8430084F871
:10297000440084F8450084F83D00002010BD0000AC
:1029800000B585B00021009101910291039100688A
:10299000B0F1804F1FD11148C16941F00101C161FF
:1029A000C16901F001010491816941F00401816173
:1029B0008069694600F004000490022000900290B3
:1029C0000748FFF769F8002206211C20FFF708FAE4
:1029D0001C20FFF7F7F905B000BD00000010024011
:1029E0000008014030B50446002551B104290DD03E
:1029F000082910D094F8412094F84500012A11D1FB
:102A00000EE094F83E2094F84200F7E794F83F2057
:102A100094F84300F2E794F8402094F84400EDE77E
:102A2000012801D0012030BD022059B1042912D063
:102A3000082919D084F8410084F845000C293ED0BB
:102A400001253AE084F83E0084F842002068C2681C
:102A500042F0020210E084F83F0084F8430020684E
:102A6000C26842F0040207E084F8400084F84400A1
:102A70002068C26842F00802C2600122206802F0A9
:102A8000A7F81149206888420ED0104988420BD01F
:102A9000B0F1804F08D00E49884205D00D498842D8
:102AA00002D00D49884204D1816801F0070106294E
:102AB00003D0016841F001010160284630BD206863
:102AC000C26842F01002D7E7002C014000340140F8
:102AD0000004004000080040000C004070B50D00EC
:102AE00004464FF0000607D0042D0AD0082D0DD063
:102AF0000C2D10D001262FE02068C16821F00201C2
:102B00000DE02068C16821F0040108E02068C16878
:102B100021F0080103E02068C16821F01001C160C4
:102B200000222946206802F053F82068016A41F229
:102B30001112114207D1016A9210114203D10168AA
:102B400021F001010160012045B1042D09D0082DBB
:102B50000AD004F8410F2071304670BD04F83E0FD2
:102B6000F9E704F83F0FF6E704F8400FF3E72DE923
:102B7000F04104460068C66805694FF00007A907E0
:102B800013D5B10711D5F91E016101202077206806
:102B900080698007204602D0FFF7FEFD04E000F0C8
:102BA000B7F8204600F049F92777680716D570076F
:102BB00014D521686FF00400086102202077206896
:102BC000806910F4407F204602D0FFF7E5FD04E065
:102BD00000F09EF8204600F030F92777280715D539
:102BE000300713D521686FF00800086104202077B2
:102BF0002068C0698007204602D0FFF7CDFD04E0C1
:102C000000F086F8204600F018F92777E80616D578
:102C1000F00614D521686FF01000086108202077B5
:102C20002068C06910F4407F204602D0FFF7B4FD51
:102C300004E000F06DF8204600F0FFF82777E80781
:102C400008D0F00706D021686FF001000861204627
:102C500000F04EF9280608D5300606D521686FF039
:102C6000800008612046FFF779FB680608D57006EA
:102C700006D521686FF040000861204600F05BF93E
:102C8000A8060AD5B00608D521686FF020000861B3
:102C90002046BDE8F041FFF762BBBDE8F0810000CF
:102CA00010B586B000210091019102910391006856
:102CB0001349884221D11348816941F0040181619F
:102CC000816901F004010491816941F00801816189
:102CD0008069022400F008000490C020CDE90004BF
:102CE000694609480394FEF7D7FE0320CDE90004A6
:102CF000694606480394FEF7CFFE06B010BD0000FB
:102D0000000400400010024000080140000C014097
:102D1000704770B5044690F83C0000260D46012827
:102D20000FD0012084F83C006AB1042A1DD0082A83
:102D30002FD00C2A3FD00126002084F83C003046DA
:102D400070BD022070BD206801F062FF20688169BB
:102D500041F0080181612068816921F004018161ED
:102D6000206881692A69114311E0206801F080FF21
:102D70002068816941F4006181612068816921F4E2
:102D800080618161206881692A6941EA022181614B
:102D9000D2E7206801F0A2FF2068C16941F0080174
:102DA000C1612068C16921F00401C1612068C16965
:102DB0002A69114311E0206801F0C4FF2068C1694D
:102DC00041F40061C1612068C16921F48061C16181
:102DD0002068C1692A6941EA0221C161ACE710B5E6
:102DE000040003D094F83D0010B107E0012010BDAD
:102DF000002084F83C00204600F01EF8022084F8F1
:102E00003D00211D206801F095FE012084F8460058
:102E100084F83E0084F83F0084F8400084F84100C4
:102E200084F8420084F8430084F8440084F84500A4
:102E300084F83D00002010BD7047704710B504466F
:102E4000022249B104290ED0082913D094F8410078
:102E5000012816D0012010BD94F83E000128F9D1B8
:102E600084F83E200FE094F83F000128F2D184F866
:102E70003F2008E094F840000128EBD184F840207E
:102E800001E084F841200122206801F0A1FE1349ED
:102E90002068134A884201D0904203D1436C43F426
:102EA00000434364206888420DD090420BD0B0F1BB
:102EB000804F08D00B49884205D00B49884202D088
:102EC0000A49884204D1816801F00701062903D02C
:102ED000016841F001010160002010BD002C01409B
:102EE000003401400004004000080040000C004095
:102EF000054A0168914201D1FEF7DABEB1F1804F77
:102F000001D102F05BB97047001400400246002076
:102F100041B1042909D008290AD00C2901D110682F
:102F2000006C70471068406B70471068806B70478A
:102F30001068C06B70477047704770B504462068D2
:102F40000C3050E8001F21F4907140E80012002A74
:102F5000F5D12068143050E8001F21F0010140E84D
:102F60000012002AF5D1206B012809D120680C300D
:102F700050E8001F21F0100140E80012002AF5D1AE
:102F8000206840694FF00005400615D520681430D0
:102F900050E8001F21F0400140E80012002AF5D15E
:102FA000E06B48B14563E06BFEF78AFC20B1E06B53
:102FB000FEF742FD202806D0E585202084F8420057
:102FC0002563002070BD10206064032070BD0000E8
:102FD00000280CD000680649884208D1054840788E
:102FE000002804D001220349034800F0D7B97047F4
:102FF000004800400000002080060020F8B501686D
:1030000004460868CA684B6910F00F0F4FF00005BE
:1030100059D003F0010602F49077374365D0C10719
:1030200005D0D10503D5616C41F001016164410710
:1030300005D5D90703D0616C41F0020161648107B5
:1030400005D5D90703D0616C41F004016164010723
:1030500007D502F02001314303D0616C41F0080133
:103060006164616C00293AD0800604D5900602D5CF
:10307000204601F033FF20684069616CC0F3801086
:10308000090700D460B3204601F001FF20684069C1
:10309000400621D52068143050E8001F21F040017F
:1030A00040E80012002AF5D1E06BA8B16D494163F8
:1030B000E06BFEF729FC002811D0E06B416B01B0FA
:1030C000BDE8F040084783060FD593060DD520468E
:1030D000BDE8F84001F002BF2046FFF779FFF8BDD8
:1030E0002046FFF775FF6564F8BD266B2023012E8F
:1030F0007CD1C6067AD5D60678D50868486800908F
:1031000048694FF00206400640D5E16B0868406808
:103110000004000CE8D0A28D8242E5D9E0858869E0
:1031200020282DD020680C3050E8001F21F4807139
:1031300040E80012002AF5D12068143050E8001F42
:1031400021F0010140E80012002AF5D12068143076
:1031500050E8001F21F0400140E80012002AF5D19C
:1031600084F84230256320680C3050E8001F21F0BD
:10317000100140E80012002AF5D1E06BFEF7A0FB39
:103180006663A08DE18D401A81B22AE0A08DE18DA9
:10319000401A81B2E08D0028A6D00029A4D0226870
:1031A0000C3252E8000F20F4907042E80007002F24
:1031B000F5D12068143050E8002F22F0010240E8D9
:1031C0000027002FF5D184F84230256320680C30A9
:1031D00050E8002F22F0100240E80023002BF5D128
:1031E00066632046FFF7A8FEF8BDFFE705062BD56E
:1031F000150629D594F841002128F5D1A068B0F52D
:10320000805F01D12069B0B1206A411C2162216830
:1032100000784860E08C401E0004000CE084E3D19C
:103220002068C16821F08001C1602068C16841F058
:103230004001C160D8E7206A0088C0F308004860F8
:10324000206A801C2062E5E74006CDD55006CBD52C
:10325000CA68204622F04002CA6084F8413000F07B
:103260001BF9C1E77F4E000870B5040004D094F844
:103270004100002510B106E0012070BD84F84050E7
:10328000204600F023F8242084F841002068C1681B
:1032900021F40051C160204601F082FE20680169DE
:1032A00021F4904101612068416921F02A014161C6
:1032B0002068C16841F40051C1606564202084F831
:1032C000410084F842006563002070BD70B586B08F
:1032D0000024009401940294039403682B482A4E1E
:1032E000022103220515B34221D1836943F48043AF
:1032F0008361836903F480430493836943F0040387
:1033000083618069224E00F0040004900802CDE938
:103310000001039269463046FEF7BEFBCDE900543A
:10332000694630460294FEF7B7FB06B070BD194EF1
:10333000B342FAD1C36943F48023C361C36903F480
:1033400080230493836943F0080383618069CDE996
:10335000005100F00800CDE903200F4D69462846D2
:10336000FEF79AFBE814CDE900046946284602946A
:10337000FEF792FB002205212720FEF731FD2720D2
:10338000FEF720FDD1E700000038014000100240A8
:103390000008014000480040000C014090F8423015
:1033A000202B01D00220704721B11AB10023036302
:1033B00001F052BE0120704710B5002815D00068FA
:1033C0000A49884211D10A4CE06920B100231A460B
:1033D000214602F0C7FB6078002806D0BDE8104007
:1033E000012203490348FFF7D9BF10BD0048004040
:1033F00000000020800600202DE9F843044690F8E4
:103400004100984616460D46202802D00220BDE80D
:10341000F88385B17EB100206064212084F84100EA
:10342000FEF740FCA6848146E684A0682027B0F51C
:10343000805F02D003E00120E9E7206910B12E4649
:1034400000250EE000260CE08021204601F01FFE42
:10345000A8B9C6B116F8010B21684860E08C401E7F
:10346000E084E08C4B464FF00002CDF8008000284D
:10347000EAD14FF04001204601F009FE40B184F846
:1034800041700320C3E735F8020BC0F30800E3E7FF
:1034900084F841700020BAE77047FEE72DE9F0415B
:1034A000082405464FF40048E602134F18E000BF19
:1034B000FEF7F3FB00F0A4F8280601D5012200E096
:1034C000002241463846FEF7E8FB6806050E00F08C
:1034D00097F8012231463846FEF7DFFB00F090F8FE
:1034E000641EE4B24FF0000231463846E0D2BDE837
:1034F000F041FEF7D2BB0000000C014070B5012284
:10350000144DD40321462846FEF7C7FB0122910340
:103510002846FEF7C2FB00F073F821462846FEF766
:10352000B7FB00280CD0002221462846FEF7B5FB49
:1035300000F066F821462846FEF7AAFB08B10020F5
:1035400070BD002221462846FEF7A7FB00F058F880
:10355000012070BD000C014070B5114D4FF4804446
:10356000002221462846FEF798FB00F049F8660045
:10357000002231462846FEF790FB00F041F8012278
:1035800021462846FEF789FB00F03AF80122314631
:103590002846FEF782FBBDE8704000F031B800001D
:1035A000000C014070B5154C4FF4804500222946AF
:1035B0002046FEF772FB00F023F80122D6033146C5
:1035C0002046FEF76AFB00F01BF801222946204640
:1035D000FEF763FB00F014F831462046FEF758FB77
:1035E00000284FF000022946204603D0FEF755FB85
:1035F000002070BDFEF751FB012070BD000C0140A2
:1036000008B50A200090401E0090FCD108BD0000C3
:1036100038B5294C00208DF800002070274800F0B4
:103620002DFF02F0CDF802F069F96420FEF706FAEA
:1036300075216B460122682002F0DAF8002837D0A5
:103640009DF800000125682801D0702831D1802123
:103650006B2000F0E7F800282AD06420FEF7EEF98E
:1036600001216B2000F0DEF818B300216C2000F07F
:10367000D9F8F0B103211A2000F0D4F8C8B1042120
:10368000192000F0CFF8A0B118211B2000F0CAF8D3
:1036900078B100211C2000F0C5F850B1012138207C
:1036A00000F0C0F828B13220FEF7C8F925700120DB
:1036B00038BD002038BD000034000020D8040020B0
:1036C0001FB5040034D06B460E223B21682002F067
:1036D0008FF800282AD09DF800009DF8011041EADB
:1036E000002020809DF802109DF8030040EA012090
:1036F00060809DF804109DF8050040EA0120A0803C
:103700009DF808109DF8090040EA0120E0809DF82E
:103710000A109DF80B0040EA012020819DF80C1052
:103720009DF80D0040EA01206081012004B010BD29
:103730000020FBE7F0B589B0040059D0FEF7B2FADB
:1037400020600520A0823048002584F822500078AF
:10375000E8B304A8FFF7B4FFC8B3BDF9140004F040
:103760001DFD06460D46BDF9120004F017FD324658
:103770002B4601F057FF4FF00052244B04F026FD7A
:1037800004F08AFA0646BDF9160005F065F8204DEA
:10379000294604F083FF80F0004286F000411E4875
:1037A00007AF4FF07C561B4B8DE8C9001B4B1C48E4
:1037B00000F06FFEA0600798E060BDF91A0005F008
:1037C0004BF8294604F06AFF2061049800E011E0FC
:1037D000C4F816000598C4F81A000698C4F81E002C
:1037E000FEF760FA2060012084F8220009B0F0BDE5
:1037F0000020FBE7A560E5602561E5822583658300
:10380000A583E5832584F3E734000020DCA54C4044
:1038100033338341A69B443B6F12833A0AD7A33BC1
:10382000D80400200A4610B50146682002F096F838
:10383000002800D0012010BD30B50A0019D00021A9
:103840001170517002239370D17000F018F80028A5
:103850000FD00121117003238C1ED170062808D2CD
:10386000DFE800F007030705080A547000E0517014
:10387000917030BD547000E05170937030BD00F015
:103880000F00C01F092810D2DFE800F0050F070F56
:103890000B0F0D090700012070470220704703201D
:1038A00070470420704705207047002070470000D3
:1038B00006280ED2DFE800F00D030507090B06A06D
:1038C000704706A0704706A0704706A0704706A084
:1038D000704706A0704700004C0000004D0000003B
:1038E00052000000534C0000535200004E000000F4
:1038F00010B504004FF0000000D0012009B140F0E5
:1039000002000AB140F00400002B01D040F0080092
:1039100010BD000070B5374C0025656065703648F5
:1039200002F08EF9A06210B934A0FDF7F3FC324A20
:103930009421603A042002F0E9F8A06110B939A09E
:10394000FDF7E8FC2C4A0121483A202002F0DEF87D
:10395000294AE061303A1421042002F0D7F8264ABF
:103960002062183A0C21012002F0D0F86062E1696F
:1039700011B1216A01B110B935A0FDF7CBFC1E4A87
:103980000021F03A3B4802F05FFAA06010B93AA07B
:10399000FDF7C0FCE560A06938B1174A0021CC3AB8
:1039A0003F4802F051FAE06010B93EA0FDF7B2FCCA
:1039B0002561E06948B1206A38B10F4A0021A83A70
:1039C000434802F041FA206110B942A0FDF7A2FC81
:1039D0006561606A40B1084A0021843A454802F0B6
:1039E00033FA6061002804D1BDE8704042A0FDF7C1
:1039F00091BC70BD00000020408E0008236B6579EB
:103A00002C6572726F723D75617274315F6D757481
:103A100065785F6372656174655F6661696C656432
:103A20000D0A0000236B65792C6572726F723D740C
:103A3000656C656D657472795F71756575655F63D9
:103A400072656174655F6661696C65640D0A00008A
:103A5000236B65792C6572726F723D717565756542
:103A60005F6372656174655F6661696C65640D0AA8
:103A70000000000051460008236B65792C657272C6
:103A80006F723D636F6E74726F6C5F7461736B5FA6
:103A90006372656174655F6661696C65640D0A00D7
:103AA00075490008236B65792C6572726F723D74DD
:103AB000656C656D657472795F7461736B5F637259
:103AC000656174655F6661696C65640D0A0000007C
:103AD000E14500082362742C6572726F723D746157
:103AE000736B5F6372656174655F6661696C656461
:103AF0000D0A0000354A0008236B65792C65727247
:103B00006F723D756C747261736F6E69635F74611F
:103B1000736B5F6372656174655F6661696C656430
:103B20000D0A00002DE9F04786B0002444480094B7
:103B3000019402940394816941F0200181618169BB
:103B400001F020010491816941F0040181618169E2
:103B500001F004010491816941F0080181618169EA
:103B600001F008010491816941F0100181618069CF
:103B7000DFF8D09000F01000049001224CF23801E0
:103B80004846FEF78AF80122DFF8BCA097033946C1
:103B90005046FEF782F84FF4004800224146504656
:103BA000FEF77BF84FF44040009001AA1120012558
:103BB000032682E8610069464846FDF76DFF38201C
:103BC000CDE90005CDE9024669464846FDF764FFA8
:103BD00000970396CDE9015469465046FDF75CFF16
:103BE0006802009019480226CDE901066946484658
:103BF000FDF752FF4FF44470CDE90004694650468A
:103C00000294FDF749FF2802CDE9000469464846C1
:103C10000294FDF741FFCDF800800396CDE90154F1
:103C200069465046FDF738FF002205211720FEF7B0
:103C3000D7F81720FEF7C6F806B0BDE8F0870000F9
:103C400000100240000C0140001001400000111063
:103C500010B586B00024184805940494009401948B
:103C600002944FF08041039401604721C0E90114A0
:103C700047F22F51C0E903148461FEF753FE08B1E7
:103C8000FDF71CFE049404A90B480594FEF768FB9D
:103C900008B1FDF713FE0120CDE900400294042293
:103CA000694605480394FEF7ABFD002801D0FDF7F7
:103CB00005FE06B010BD00001805002010B58EB03E
:103CC00000240794089409940A940B941C216846D4
:103CD0000C94FCF761FD2A482849C0E9001441F61C
:103CE0001F41C0E90241802104618161FEF776FB3A
:103CF00008B1FDF7E3FD4FF48050079007A9204875
:103D0000FEF7FCFB08B1FDF7D9FD1D48FFF767F88A
:103D100008B1FDF7D3FD0B940BA919480C94FEF7DD
:103D20001FFB08B1FDF7CAFD6020CDE90004029435
:103D30000022694612480494FEF7EBFF08B1FDF734
:103D4000BDFD042269460E48FEF7E3FF08B1FDF70A
:103D5000B5FD082269460A48FEF7DBFF08B1FDF70A
:103D6000ADFD0C2269460648FEF7D3FF08B1FDF70A
:103D7000A5FD0348FEF794FF0EB010BD00040040FF
:103D80006005002010B58CB024216846FCF704FDC6
:103D900000241648099414490A94C0E900144FF607
:103DA000FF71C0E90241046184610320CDE9000490
:103DB0000120CDE9020404210491CDE90540CDE9BB
:103DC000074169460948FEF707FC08B1FDF776FD93
:103DD000099409A905480A94FEF7C2FA002801D0FF
:103DE000FDF76CFD0CB010BD00080040A8050020D8
:103DF00010B58CB024216846FCF7CEFC002417488F
:103E0000099415490A94C0E900144FF6FF71C0E9FE
:103E100002410461446184610320CDE90004012072
:103E2000CDE9020404210491CDE90540CDE9074123
:103E300069460A48FEF7D0FB08B1FDF73FFD09943B
:103E400009A906480A94FEF78BFA002801D0FDF76D
:103E500035FD0CB010BD000000340140F00500201D
:103E60000C4810B50A4901604FF4E131416000216E
:103E700081600C22C160C0E904128161C161FFF759
:103E8000F3F9002803D0BDE81040FDF717BD10BDC1
:103E900000380140380600200C4810B50A4901607E
:103EA0004FF416514160002181600C22C160C0E9CD
:103EB00004128161C161FFF7D7F9002803D0BDE882
:103EC0001040FDF7FBBC10BD0048004080060020FC
:103ED000FEE702B90122484390FBF2F000F016B869
:103EE00008494FF4E1500A6850630A6890630A6811
:103EF000D06309680864044900208883C883088463
:103F00004884704760050020F404002041F6F42145
:103F1000884202DC4942884201DA0846704700B212
:103F20007047000000487047F404002070B5204836
:103F300000240480448044608460C460046144615F
:103F400084618483C48304844484FFF7C9FF00210F
:103F50001848FEF773FF70B904211648FEF76EFF8C
:103F600048B908211348FEF769FF20B90C21114810
:103F7000FEF764FF08B1FDF7A1FC0F4E3068446204
:103F80000E4D286844623C213046FEF7BDFB20B947
:103F90003C212846FEF7B8FB08B1FDF78FFC3068DE
:103FA000416A074801802968496A418070BD000064
:103FB000F404002060050020A8050020F005002082
:103FC0003600002030B5012341F6F422904201DD95
:103FD00010460DE0124CA04201DA204601E0002814
:103FE00002DA40424FF0FF33502801DC002030BDA0
:103FF000002901DA002103E0914201DB41F6F321BF
:10400000541A5038604341F6A42500F6525090FBF4
:10401000F5F00844904200DD1046434318B230BD2D
:104020000CE5FFFF002800DA404241F6F421884207
:1040300000DD0846C0F5E150704700002DE9F04171
:104040000C46FFF763FF06462046FFF75FFF4FF47D
:104050007A740546224611463046FFF73AFF074676
:10406000224611462846FFF734FF1E4C05464FF402
:10407000B476A783E08331463846FFF7A3FF0746AF
:1040800031462846FFF79EFF06463846FFF7CAFF2F
:1040900005463046FFF7C6FF024613484FF4E1518C
:1040A000002F04DD0368596303689D6306E003681D
:1040B00001DA5D6300E0596303689963002E02DD55
:1040C0000368DA6307E004DA0368D963006802640E
:1040D00003E00268D1630068016427846684BDE858
:1040E000F0810000F404002060050020FEE70000DD
:1040F0004FF480610148FCF72DBB0000D800002080
:104100007FB50D4604002AD0002D28D01121284665
:10411000FCF720FBE07E00F00F042046FFF7AFFB2A
:10412000FFF7C6FBE10701D0312100E03021A207F3
:1041300001D5312200E03022630701D5312300E0B0
:104140003023CDE90210CDE90032200701D531231B
:1041500000E0302302A211212846FCF7B5F87FBD0C
:10416000475241593A256325632563256320444915
:10417000523A2573000000002DE9F04781460D46B4
:10418000104600F037F8DFF868A00023002209EBA2
:104190000307AC18E6B2C45CF9B2D44004F0010CD9
:1041A00080291BD2402E19D20724A4EBD60406F096
:1041B0000706C6F107080126E4B206FA08F60AEB7C
:1041C000C101BCF1000F11F804C0F6B202D04CEAF4
:1041D000060C01E02CEA060C01F804C0521CD2B215
:1041E000072AD6D35B1CDBB2052BCFD3BDE8F08703
:1041F000D8000020202808D0A0F13001092907D8D4
:10420000C8B200EB80001E4915E01D4828387047F1
:10421000A0F14101192905D8C8B2194900EB800065
:10422000323108E0A0F16101192906D8C8B2144959
:1042300000EB8000B431084470472F2817D006DC0B
:104240002B280BD02D280CD02E2804D10CE03A2896
:1042500010D05F2811D00A482338704708481E380C
:1042600070470748193870470548143870470448A4
:104270000F38704702480A3870470148401F70479E
:10428000788E000810B53C4C002210212046FDF726
:1042900004FD6420FDF7D2FB012210212046FDF72A
:1042A000FCFC0021AE2000F0B7F80021D52000F082
:1042B000B3F80021502000F0AFF80021A82000F052
:1042C000ABF800213F2000F0A7F80021D32000F038
:1042D000A3F80021084600F09FF80021402000F0DC
:1042E0009BF800218D2000F097F80021142000F0A9
:1042F00093F80021202000F08FF80021022000F028
:104300008BF80021A12000F087F80021C02000F0E8
:1043100083F80021DA2000F07FF80021122000F05D
:104320007BF80021812000F077F80021EF2000F0D9
:1043300073F80021D92000F06FF80021F12000F07F
:104340006BF80021DB2000F067F80021302000F03E
:1043500063F80021A42000F05FF80021A62000F0FF
:104360005BF80021AF2000F057F8FFF7C1FEBDE871
:10437000104000F003B80000000C014070B5114E71
:10438000002400BF04F1B000C0B2002100F044F8E6
:104390000021084600F040F80021102000F03CF811
:1043A0005FF0000506EBC5000121005D00F034F868
:1043B0006D1CEDB2802DF5D3641CE4B2082CE1D362
:1043C00070BD0000D800002000B585B000280BD0DB
:1043D0006946FFF795FEFFF78BFE00216A46084607
:1043E00000F004F8FFF7CAFF05B000BD70B5140077
:1043F0000E4605460ED006E031462846FFF7BCFEC5
:104400000835EDB2641C2278002A03D07B2D01D838
:10441000392EF1D970BD00002DE9F041054609B1F2
:10442000012200E00022134E08213046FDF735FC42
:10443000B046114F00244FF48046002231463846E2
:10444000FDF72BFCEA0920214046FDF726FC01225E
:1044500031463846FDF721FC6806641C050EE4B2BF
:10446000082CEAD34046BDE8F04101220821FDF7BF
:1044700014BC0000000C014000100140002807D0CF
:104480000021016041608160C1600161416101768C
:1044900070472DE9FF4F85B00400159E129D4FF027
:1044A000000002D0217E31B10AE006B130600698EA
:1044B00009B0BDE8F08F0699C4E90010012020760C
:1044C00061680391079804F02FFB0146089804F0F7
:1044D00023FA216804F06EF820600290D4F814A04A
:1044E00007465146089804F017FAD4F80C80834622
:1044F000414604F019FBD4F81090494604F014FB2F
:10450000294604F057F8089904F006FAA16804F067
:1045100051F80546A0605846414604F0FAFA804634
:10452000E0605846494604F0F4FA20618146089953
:10453000139804F0F1F9514604F03CF860610190E1
:104540003946069804F0F0FA00902846149904F0D1
:1045500031F80746B0F5000F3ADB0146284604F073
:104560009DF883463946484604F098F882465846F6
:10457000009904F0D1F9029904F01CF8206050462B
:10458000009904F0C9F9039904F014F860604746F3
:104590002946584604F0C0F9294604F0BAFAA0604A
:1045A0003946584604F0B8F9414604F0B2FAE060E2
:1045B0002946504604F0B0F9494604F0AAFA2061B1
:1045C0003946504604F0A8F9019904F0A2FA606156
:1045D0006168079804F0A8FA06B13060206867E7C0
:1045E0008CB001A8FDF73FF8FCF772FA174C4FF0BA
:1045F000FF36334600226946E06901F055FA00288B
:10460000F7D1FDF74FFB02469DF8001001A8FDF71A
:104610003EF80028EDD0206A01AD88B100231A468B
:10462000294601F09FFA58B100231A4606A9206ACC
:1046300001F03AFA00231A462946206A01F092FA5C
:1046400001A99DF80000FCF75DFDD2E70000002005
:104650004FF00008C8B04646CDF85C80454624219E
:1046600007A8CDF86080FCF797F800242F943094C9
:1046700031941F94209421942C941AA82D94FCF723
:10468000F2FF14221AA927A8FCF72AF814221AA963
:1046900034A8FCF725F8FCF7FFFC3390042110A8A0
:1046A000FCF760FEFFF742FC39A8FCF783FEFEF73B
:1046B000AFFFA0B3A5A0FCF72DFEA848D0F804904A
:1046C000012001F012FBFDF7EDFA82464FF0000BDE
:1046D0000F225946012001F069FB0746FDF7E2FA77
:1046E0000446002F44DA39A8FCF766FEFFF7F8FB12
:1046F000042110A8FCF736FE0025A8461895FFF700
:1047000011FCA11B6429E1D30DF1080C9DF8B660E2
:104710001FAA1AA9339B8CE84E0010A9FAE0FFE704
:10472000022110A8FCF71EFEFFF7DAFB8CA0FCF7B5
:10473000F1FDA04610AD1AAE0DF17C07FFF7F2FBBC
:104740000446FDF7AFFA07908DF83E80FCF7A4FC15
:104750009DF8B61007ABCDE904018DE8F00000210B
:10476000179A0798FCF740FC642001F033F9E5E75D
:104770007A484768A7EB0900B94601280AD002D950
:10478000A0F1010001E04FF0010017994FF0010B7B
:1047900008441790A4EB0A000290A24607A8FEF76F
:1047A000C9FF089702984FF48037B84201D3781EAA
:1047B00000E080B2ADF83000FDF72EF8FFF7B2FB55
:1047C0002E909DF83E0078B1BBF1000F13D039A8B0
:1047D000FCF7F2FDFFF784FB052110A8FCF7C2FDF2
:1047E0000025A846189586E039A8FCF7E5FDFFF7F7
:1047F00077FB0221F1E76D1CEDB2022D7BD34FF068
:10480000000B5D46B8F1000F08D0A4EB0800B842D9
:1048100002D34FF6FF7000E080B218904F48A046D8
:10482000006A38B14D4F00231A463BA9386A01F09F
:104830003BF988B121461AA8FCF7F9FEFCF72CFCDD
:10484000074633901AA927A81422FBF749FF9DF8C1
:104850006F0001281AD105E014223BA91AA8FBF722
:104860003FFFE0E704A93846FEF7E6FF9DF8100099
:104870008DF89C009DF811008DF89D009DF81200A8
:104880008DF8A200BDF86C00ADF89E003348416A77
:1048900039B1074600231A4624A9786A01F004F9C1
:1048A000E8B334A92CA8CDE9000123465A461FA934
:1048B00027A8FCF773F82FA934A8FCF707FB2E985C
:1048C0002FA907AAB0F90200CDE900012E9839A955
:1048D000B0F9003040A8FCF775FD1C2240A910A8D3
:1048E000FBF7FEFE9DF85A00012828D0FFF7F8FAE2
:1048F000FFF718FB2E90A01B6428FFF4E7AE0DF124
:10490000080C9DF8B6301FA91AA8339A8CE80F003E
:104910002E9810A9CDE9000107AB204600E005E084
:10492000DDE91721FCF760FB2646CFE624AB4FF00C
:10493000010B93E807001FAB83E80700AAE7BDF966
:104940005810BDF95600FFF779FBD1E7236B657965
:104950002C696D753D6F6B0D0A0000000000002092
:10496000236B65792C696D753D6572726F720D0AE6
:1049700000000000B0B00024942102A8FBF70CFF57
:10498000202127A8FBF708FF2548FCF7C3FC254E8C
:10499000651E2B46002202A9B06901F085F80028A7
:1049A000F7D102A8FCF7FAFB1CB10298001BC8283B
:1049B000EFD31DA027900798289008982990139866
:1049C0002A9014982B90BDF85800ADF8B000BDF8AF
:1049D0005A00ADF8B200BDF89200ADF8B4009DF8F1
:1049E00076008DF8B6009DF898008DF8B7009DF818
:1049F0007F00012800D000208DF8B8009DF88000CD
:104A00008DF8B9009DF894008DF8BA009DF89900D2
:104A10008DF8BB0027A8FFF7D7FC029CB9E7000080
:104A2000B8900008000000204279436172333231AF
:104A3000000000000EB5002500950195029501F0DB
:104A400000FA00F0CFFB00F0F9FF0446012001F06E
:104A50004CF900F0E1FBE0B123220021012001F03C
:104A6000A5F9002801DA00F051FB684600F086FB4A
:104A700010B16846FCF780FC3C34204600F0B7FFDC
:104A80000028E3D000F0DAFF04463C2000F0A2FF4B
:104A9000DCE7009501950295FDF704F90090E8E741
:104AA00010B54FF0E020006902F0B6FE012803D0F7
:104AB000BDE8104002F06CB910BD30B58FB02821B0
:104AC0006846FBF769FE14210AA8FBF765FE012181
:104AD0000804CDE900100024029402250491CDE9D8
:104AE00007504FF4E01009906846FDF7A7FA08B1A7
:104AF00072B6FEE70F20CDE90A054FF48060CDE9DC
:104B00000C4002210AA80E94FDF79CF9002801D060
:104B100072B6FEE70FB030BD704700000148FEF7E7
:104B200026B80000180500200148FEF720B8000054
:104B3000C8060020F0B50268204C214D214E224FBE
:104B4000224B4FF0804CA04209D0984207D06045DC
:104B500005D0A84203D0B04201D0B84204D122F01F
:104B6000700E4A6842EA0E02A04209D0984207D06D
:104B7000604505D0A84203D0B04201D0B84203D16D
:104B800022F44075CA682A434D6922F080022A4304
:104B900002608A68C2620A688262A04201D09842BA
:104BA00001D109690163012141610169C90703D08C
:104BB000016921F001010161F0BD0000002C0140FC
:104BC0000004004000080040000C00400034014098
:104BD00010B501F01F030121046A99408C4304625F
:104BE000016A9A401143016210BD10B5846842EA1F
:104BF000032224F47F440A432243826010BD82686A
:104C000022F070020A4342F0070181607047000001
:104C1000F0B5036A026A22F0010202624268846906
:104C2000124E24F073050C682C4323F002058B68A8
:104C30002B430D4DA84201D0B04205D123F0080707
:104C4000CB683B4323F00403A84201D0B04205D116
:104C50004D6922F4407215438A692A434260846197
:104C6000496841630362F0BD002C014000340140FB
:104C7000F0B5026A036A23F0100303624368846993
:104C80000D6824F4E64444EA05248D6822F02002ED
:104C900042EA05120F4D104EA84201D0B04206D193
:104CA000CF6822F0800242EA071222F04002A842B6
:104CB00001D0B04207D14D6923F4406343EA850334
:104CC0008D6943EA850343608461496881630262B8
:104CD000F0BD0000002C014000340140F0B5026A34
:104CE000036A23F4807303624368C46922F4007288
:104CF00024F073050C68124E2C438D6842EA05229D
:104D00000E4DA84201D0B04206D1CF6822F4006215
:104D100042EA072222F48062A84201D0B04207D1C1
:104D20004D6923F4405343EA05138D6943EA0513A3
:104D30004360C4614968C1630262F0BD002C014058
:104D40000034014030B5046A026A22F480520262E3
:104D50004268C3690D6823F4E64343EA05238D687E
:104D600024F4005444EA0534084DA84202D0084D0A
:104D7000A84204D14D6922F4804242EA8512426081
:104D8000C36149680164046230BD0000002C014029
:104D90000034014010B5036A046A24F0010404627F
:104DA000846924F0F00444EA021423F00A020A435E
:104DB0008461026210BD000070B5056A046A24F0C7
:104DC000010404628469124EB0420ED0114EB0420A
:104DD0000BD0B0F1804F08D00F4EB04205D00F4E2F
:104DE000B04202D00E4EB04203D124F0030414436B
:104DF00001E044F001041A0724F0F00444EA1262CE
:104E000025F00A0301F00A0119438261016270BDB5
:104E1000002C014000340140000400400008004024
:104E2000000C004010B5036A046A24F01004046208
:104E3000846923F0A00324F4704444EA023243EA74
:104E400001118261016210BD30B5046A056A25F066
:104E500010050562856925F4407545EA022222F4B1
:104E600070454FF6FF7202EA033224F0A0032A4392
:104E7000A02404EA011119438261016230BD10B51A
:104E8000406A0021C185C184FEF7A2F810BD016807
:104E90000C3151E8002F22F4907241E80023002BDE
:104EA000F5D10168143151E8002F22F0010241E8E8
:104EB0000023002BF5D1016B012909D101680C31C8
:104EC00051E8002F22F0100241E80023002BF5D119
:104ED000202180F8421000210163704708B590F846
:104EE0004210222901D0022008BD82684FF480536D
:104EF0009A4201D1016921B1816A9A421BD04AB11B
:104F00000AE00268816A5268C2F308020A80816A74
:104F1000891C08E0026972B10268526802F07F02DF
:104F20000A70816A491C8162C18D491E0904090CFD
:104F3000C18503D01BE002685268F1E70168CA68C6
:104F400022F02002CA600168CA6822F48072CA6036
:104F500001684A6922F001024A61202180F842106A
:104F600000214163026B012A03D0FEF725FA0020DD
:104F700008BD016301680C3151E8002F22F01002D6
:104F800041E80023002BF5D101680A68D20602D55A
:104F90000A6849680091818DFDF7CEFFE7E70000C0
:104FA00070B5044600680169E26821F4405111437C
:104FB00001612169A0680843616908432168CA68E2
:104FC00041F20C639A430243CA6020684169A269B6
:104FD00021F44071114341611E492068884202D189
:104FE000FCF7F6FF01E0FCF7E3FF00EBC00101EB8B
:104FF0000012606864218000B2FBF0F3B3FBF1F3B0
:105000006FF018067343B2FBF0F5B2FBF0F605EB58
:105010008305322303EB0515B5FBF1F5B6FBF1F67D
:1050200005F0F00505EB0615B2FBF0F6B2FBF0F06B
:10503000B0FBF1F06FF01802504306EB800003EB79
:105040000010B0FBF1F0216800F00F0028448860E8
:1050500070BD00000038014081628285C285002158
:105060004164222180F84210016921B10168CA68B7
:1050700042F48072CA6001684A6942F001024A61E2
:105080000068C16841F02001C160002070472DE92F
:10509000F843984617460D460446089E24E0701CC7
:1050A00022D0FCF7FFFDA0EB0800B0421AD8CEB129
:1050B0002068C168490717D5802D15D0402D13D021
:1050C0000168C94309070FD40168002540680090B2
:1050D0002046FFF7DCFE0820606484F84050012081
:1050E000BDE8F8830320FBE72068006835EA00008C
:1050F00004D00020B842D2D00020F1E70120F9E727
:105100000148FDF77BBF00008006002005480178BC
:10511000012902D00078022803D10021084600F0BE
:1051200003B870472C00002070B50C46054600F00F
:10513000C1F8FCF7B7FD0F4A10609580147234B1C6
:1051400005EB05106421B0FBF1F080B200E0002017
:10515000D080BFF35F8F08480121417003210170A7
:105160004068002804D0BDE87040012100F0E4BD93
:1051700070BD0000CC0000202C00002030B50028BD
:1051800013D0EFF3108172B60A4A537853B1BFF3CC
:105190005F8F094D38CD80E83800002050701070C6
:1051A00021B104E001B962B6002030BD62B6012031
:1051B00030BD00002C000020CC00002000280ED0C4
:1051C0000068B0F1804F0AD105480178012902D06A
:1051D0000078022803D100210846FFF7A5BF7047D9
:1051E0002C00002010B5044600F064F800224FF4B3
:1051F00000410648FCF751FD05480021054A0160C1
:105200004160816051705460117010BD0010014008
:10521000CC0000202C00002070B5234E307808B15F
:10522000002070BD00247470204D2868016A41F28E
:105230001112114207D1016A9210114203D1016883
:1052400021F0010101602868446229686FF00500BF
:1052500008612868016A21F0A00101622868016ADA
:105260000162012030701148FDF7FAF808B134707E
:10527000D6E704210D48FDF7B5FB18B10B48FDF743
:1052800025F9F4E701220A4ED40321463046FCF703
:1052900004FD2A68506A0F28FCD3002221463046BC
:1052A000FCF7FBFC012070BD2C000020180500203D
:1052B0000010014010B504210948FDF70FFC084813
:1052C000FDF704F9064800210268516201680A6A84
:1052D00022F0A0020A620068016A016210BD0000AB
:1052E00018050020FEE7490050EAC12018BF04203D
:1052F0004A0D18BF40F0010040F2FF72B2EB515F5F
:1053000008BF40F00200012808BF052070470907C8
:10531000090E002804DB00F1E02080F8001470473B
:1053200000F00F0000F1E02080F8141D70472DE917
:10533000F0414F1E00EBC7010446D1E900011546BC
:105340001E4637F006020DD02A46334602F03EFFD5
:105350007F1E04EBC703D3E9002302F0CFFC37F034
:105360000602F1D1022F25D0042F13D0062F18BF2B
:10537000BDE8F0812A46334602F028FFD4E90A232B
:1053800002F0BCFC2A46334602F020FFD4E9082391
:1053900002F0B4FC2A46334602F018FFD4E9062393
:1053A00002F0ACFC2A46334602F010FFD4E9042395
:1053B00002F0A4FC2A46334602F008FFD4E9022397
:1053C00002F09CFC2A46334602F000FFD4E9002399
:1053D000BDE8F04102F092BC012203F04CBC02F0A7
:1053E0008DBC0000024A0020110703F044BC0000FD
:1053F00001FDFFFF30380A2801D20120704700204C
:10540000704770472DE9F84F04460D4621F00040E3
:1054100000917349814211DC7249884201DC06D156
:105420002CB120462946BDE8F84FFFF7D5BF6E489E
:10543000002DCCBF6D496E49BDE8F88F6D498142A2
:1054400011DD6D498142D8BF4FF0FF366DDD20463A
:105450002946FFF748FF042808BFFFF7C3FF20468F
:105460002946BDE8F88F6549654F25F00045814222
:1054700033DD6449814219DD002632464FF0804316
:105480002046294602F03AFC80468A460122204600
:10549000294603F0F0FB00223B4602F0A1FF424602
:1054A000534602F0E7FC04460D463EE0012600228A
:1054B000BA463B462046294602F020FC80460F466D
:1054C000002253462046294602F08AFF42463B46C8
:1054D00002F0D0FC04460D4627E04B4981421BDD1B
:1054E000DFF828A10226002253462046294602F072
:1054F0006DFE00223B4602F001FC80460F46002272
:1055000053462046294602F06BFF42463B4602F0D6
:10551000B1FC04460D4608E0032622462B46002037
:105520003B4902F0A7FC04460D4622462B46104696
:10553000194602F04BFE8B46824602460B4602F0AD
:1055400045FE07460246334888460B460621784406
:10555000FFF7EDFE52465B4602F038FE82462E48CB
:105560008B463A46434605217844FFF7E0FE3A462B
:10557000434602F02BFE02460B46002E504659468B
:105580000CDA02F0BBFB22462B4602F01FFE01B0F4
:1055900022462B46BDE8F04F02F016BF02F0AEFBEC
:1055A00022462B4602F012FE1C4A7A4402EBC60346
:1055B000D3E9002302F014FF22462B4602F010FF2D
:1055C000174A7A4402EBC603D3E9002302F0FCFE3B
:1055D000009A002AB8BF81F00041BDE8F88F0000B2
:1055E000000010440000F07F182D4454FB21F93FC7
:1055F000FB21F9BF0000DC3F0000203E0000F33F2C
:105600000000F03F0000E63F008003400000F83F4C
:105610000000F0BF2E3B0000EC3A00008A3A000088
:10562000523A00002DE9F04D9446CCF1000423F0ED
:1056300000464CEA0404594F46EAD4749A46884618
:1056400021F00042BC4206D8454240EA050442EA45
:10565000D474BC4204D9BDE8F04D6246FFF7BFBE2A
:10566000AAF14055A5F17F6555EA0C040BD0022440
:1056700004EAAA744A4DDFF82CE144EAD87452EAED
:10568000000B04D00CE0BDE8F04DFFF7BBBE002CD2
:1056900014BF012CBDE8F08D022C30D0032C32D089
:1056A00056EA0C0B0AD0BE4220D1BA4209D126F0EC
:1056B000804622F080423346114617E000291ADB6B
:1056C00025E0DFF8E4B0FB44002C04BFDBE9000177
:1056D000BDE8F08D012C02BFDBE9000181F0004143
:1056E000BDE8F08D022C0AD0032C0CD0BA4212D1A6
:1056F000B8F1000F0BDA2A482C49BDE8F08D284696
:105700002B49BDE8F08D28467146BDE8F08D244850
:105710002849BDE8F08D921B12153C2AC4BF204FCA
:10572000244E10DCBAF1000FBEBF12F13C0F00276F
:105730003E4608DB624602F09DFB21F00041FFF788
:1057400061FE07460E4694B1012C08BF86F0004664
:105750000DD0194A194B022C3846314615D002F0AB
:105760003FFE2A46BDE8F04D114B02F039BE002243
:1057700013463846314602F0D5FC04BF0220FBF741
:105780003BF838463146BDE8F08D02F029FE2A4646
:10579000BDE8F04D064B02F017BE00000000F07FA0
:1057A000182D4454FB2109C0E6390000FB21F9BF44
:1057B000FB210940FB21F93F075C143326A6A13CDD
:1057C0007FB50A4D4FF44044012221462846FCF79C
:1057D00064FA1120CDE900400120029003200390DB
:1057E00069462846FCF758F97FBD0000000C0140CF
:1057F0002DE9F047994616460D460446FDF77EFE14
:1058000000281ED06006000EFDF748FEFDF7CAFE18
:10581000A0B12846FDF742FEFDF7C4FEFDF76EFE7F
:10582000012000EB4400C0B2FDF738FEFDF7BAFEE0
:105830004FF4004A304D4FF4804850E0FDF78CFEA5
:105840000020BDE8F0870024012251462846FCF7DD
:1058500024FA07276006040E002241462846FCF77A
:105860001CFAFDF7CDFE012241462846FCF715FA49
:10587000FDF7C6FE51462846FCF70AFA08B144F087
:1058800001047F1EFFB2E5D200224746414628466A
:10589000FCF703FA89F80040012E4FF00002394668
:1058A000284622D0FCF7F9F9FDF7AAFE002251465E
:1058B0002846FCF7F2F9FDF7A3FE012239462846F7
:1058C000FCF7EBF9FDF79CFE002239462846FCF771
:1058D000E4F9FDF795FE761E09F10109F6B2002EF6
:1058E000B1D1FDF739FE0120ABE7FCF7D6F9FDF7A2
:1058F00087FE0122DBE70000000C01402DE9F041AA
:105900000122154DD70339462846FCF7C6F9012276
:10591000960331462846FCF7C0F9FDF771FE0024D6
:1059200039462846FCF7B4F988B9002231462846A2
:10593000FCF7B3F9FDF764FE012231462846FCF777
:10594000ACF9FDF75DFE641CE4B2092CE8D3BDE8B8
:10595000F041FDF701BE0000000C014070B5154696
:105960000E460446FDF7CAFD002813D06006000E5F
:10597000FDF794FDFDF716FE68B13046FDF78EFD8C
:10598000FDF710FE2846FDF789FDFDF70BFEFDF73C
:10599000E3FD012070BDFDF7DFFD002070BDFCF7C9
:1059A0008FF9FFF78AF8FEF7BDF8FEF751F9FEF719
:1059B00085F9FEF755FAFEF76FFAFEF7E3F9FEF701
:1059C00017FAFEF75FFC00F041F8FDF7A3FF00F0C7
:1059D0004FF8FEE710B5EFF3058111B16FF0050444
:1059E00003E0002408B101F00BF8204610BD38B5E3
:1059F0000546EFF3058010B16FF005040CE00024BC
:105A000001F018FF291A0090002903DD684601F013
:105A10001DF801E06FF00304204638BD10B501F019
:105A2000FBFE38B1022804D003480068012800D0EA
:105A3000002010BD032010BD9C000020EFF3058066
:105A400008B101F0FDBE01F0F5BE0000EFF30580E6
:105A500010B16FF0050070470448016811B14FF0B4
:105A6000FF30704701210160002070479C0000203A
:105A700010B5EFF3058010B16FF0050010BD0848B8
:105A80000168012902D04FF0FF3010BD054A002106
:105A900082F8141D0221016001F0A8F8002010BD59
:105AA0009C0000200BE000E0F8B51D466FF00302FB
:105AB0006FF002064FF00004EFF30583A3B1F0B1DD
:105AC000E9B1E5B9002200926A4601F0F1FB012834
:105AD00017D10098B0B10C494FF080500860BFF367
:105AE0004F8FBFF36F8F0DE048B141B12A4601F0EF
:105AF00043FB012806D025B16FF0010402E01446F3
:105B000000E034462046F8BD04ED00E0F8B5144648
:105B10004FF00005EFF3058212BB08B301B3A4B147
:105B2000D4E9023263B1502A1AD32269C2B167693B
:105B300000FB01F6B74213D3009501F078F907E0B6
:105B400072B9226962B9626952B9002201F04EF954
:105B5000050005D00CB1216800E0002100F01AFF1B
:105B60002846F8BDF8B51D466FF003026FF0020637
:105B70004FF00004EFF30583ABB100B3F9B1F5B911
:105B80000022134600926A4601F078FA012818D1E3
:105B90000098B8B10C494FF080500860BFF34F8FA8
:105BA000BFF36F8F0EE050B149B100232A4601F0D8
:105BB000B5F9012806D025B16FF0010402E01446C2
:105BC00000E034462046F8BD04ED00E010B5EFF3E8
:105BD000058111B16FF0050404E028B100242146CD
:105BE00001F058F9204610BD6FF00304FAE72DE9E3
:105BF000F0410D46014621F0010001F001014FF096
:105C00000004EFF305820AB1A41F16E048B1002991
:105C10006FF001066FF00207294608D001F052FC30
:105C200007E06FF0030408E035B1344605E001F009
:105C30008DFB0128F8D100E03C462046BDE8F0810C
:105C400070B505464FF00004EFF3058050BB0DB171
:105C5000686800E00020C10701D0012600E00026AE
:105C600000071FD46DB1D5E9021021B1502819D316
:105C70001EB1042002E020B114E0012001F0A9F8D7
:105C800005E00EB1042000E0012001F097F80400C7
:105C900008D00DB1296800E0002100F07BFE0EB1B4
:105CA00044F00104204670BD70B5014621F00100AA
:105CB00001F001014FF00004EFF305820AB1A41FC7
:105CC00011E028B16FF0020529B101F036FA07E0C2
:105CD0006FF0030407E000231A46194601F01EF98D
:105CE000012800D02C46204670BDF8B50546EFF3DC
:105CF000058010B16FF005041CE0002D02DA6FF092
:105D0000030417E001F082FD002207466B461146AE
:105D100001F08AFC4FF0FF3601280AD1009C0023D5
:105D200024EA050103223846009101F07DFC012898
:105D300000D034462046F8BD3EB5040001D000290D
:105D400003DA6FF0030001902BE04FF0FF30019079
:105D5000EFF30580D0B1002502A800902B46012268
:105D60000295204601F0D0FC002201AB11462046EE
:105D7000009501F0C9FC029898B10B494FF0805092
:105D80000860BFF34F8FBFF36F8F0AE0002301223B
:105D9000204601F049FC002201AB1146204601F0EB
:105DA00043FC01983EBD000004ED00E02DE9F84FF2
:105DB000894605464FEA0206EFF3058010B16FF001
:105DC00005041EE0002D02DA6FF0030419E05FEA1B
:105DD000897002D54FF0000800E0A84600249246E2
:105DE00001F028FD8346E71E53466A4641460020DF
:105DF00001F092FD012807D00EB36FF001040028D6
:105E0000F2D12046BDE8F88F00982C4004435FEAA9
:105E1000C9700BD035EA0400F3D056B101F00AFD89
:105E2000A0EB0B00504506D9002006E02542E8D142
:105E3000F3E73C46E5E7AAEB00008246D4E73C46A0
:105E4000DDE701F0E3BC00002DE9FF414FEA01036B
:105E50004FF00005EFF30581039549BB40B3802760
:105E6000182100244AB3166806B1344696691EB15B
:105E70003146761E382E02D21679F60703D000205E
:105E800004B0BDE8F081566906B1B708D2F808C081
:105E9000BCF1000F0DD0D5685C2D18D312693AB152
:105EA00036B18DE806103A46214601F092FB039088
:105EB0000DE0D6685EB912694AB903AACDE90012AD
:105EC000BAB2214601F058FB012800D0039503988F
:105ED000D6E700002DE9F041134C0F460546E66871
:105EE0002068001D00F058FC681C07D137B12168FC
:105EF000BDE8F0410D48091D00F09EBC2068354406
:105F0000B5424560216805D2A06BBDE8F041091D8E
:105F100000F07ABC606B091D00F076FCA06A854237
:105F200000D2A562BDE8F0814C000020000C0020EA
:105F30002DE9F041054600F08BFC2D4CA068401C7B
:105F4000A06020682B4F10B1606930B32BE0256052
:105F5000A068012827D1002606EB860007EB800009
:105F600000F044FC761C382EF6D3234800F03EFCAB
:105F70002148143000F03AFC1F48283000F036FC6D
:105F80001D483C3000F032FC1B48503000F02EFC25
:105F9000194860631430A06305E02068E96AC06AAC
:105FA000884200D82560606A401C60626864E86AC4
:105FB0002169884200D9206100EB800007EB800056
:105FC000291D00F039FC00F063FC606900280CD04A
:105FD0002068E96AC06A884207D208494FF08050B9
:105FE0000860BFF34F8FBFF36F8FBDE8F0810000F3
:105FF0004C00002050070020B00B002004ED00E012
:1060000038B500F025FC104C2068C8B90F4800F0E6
:10601000EDFB0E48143000F0E9FB0C48E060143052
:1060200020610A4B0020F03B009003F15002102148
:106030000A2000F0FCFE206010B105A100F0AAFCCF
:10604000BDE8384000F024BC88000020040D00208A
:10605000546D72510000000030B4026C0B46002AEF
:106060000BD0C1681144C1608468A14201D30168AA
:10607000C16030BC1846FAF7EEBA30BC70472DE963
:10608000F041856B174604460026026C82B1C7B109
:10609000E068FAF7E0FAE168206C091AE16022682A
:1060A000914202D2A168081AE060022F16D017E0D0
:1060B0002068A8B9A06801F075FC06460020A06021
:1060C0000EE06068FAF7C7FA216C60680844606007
:1060D000A168884204D32068606001E005B16D1EAC
:1060E0006D1CA5633046BDE8F08110B5044690F8FC
:1060F000590058B101280CD002280FD0502080F34D
:106100001188BFF34F8FBFF36F8FFEE7206B00F056
:10611000D3FB2046BDE8104000F0CEBB10BD000010
:1061200010484FF44051420706D0C01D0D4920F0E1
:106130000700411AC1F540510B4A00230144C2E94E
:1061400000030839183A21F0070111604B600B6019
:106150000B1AC0E9001393604FF000405360506188
:1061600070470000E4130020B8000020144E154CC6
:10617000A6F29C474FF08058DFF84C9012E000BF29
:1061800000F066FBF068C568281D00F005FBA068FC
:10619000401EA0606068401E606000F079FB2846E9
:1061A000FFF7A3FF60680028EAD138680128F9D911
:1061B000C9F80080BFF34F8FBFF36F8FF2E7000085
:1061C000EC0B00204C00002004ED00E0002807D07C
:1061D0000021816001600B460A46C16000F09EBE4E
:1061E0007047000070B51D46049C51B1C4F80020F2
:1061F000C4E90F010121204600F04CFE84F84C5008
:1062000070BD2460F4E700002DE9F05F8846DDE909
:106210000B941546834691009A460A9EA522206B50
:10622000FAF790FA6FF00301206B01EB8501084447
:1062300020F00707780707D0502080F31188BFF3BC
:106240004F8FBFF36F8FFEE70025B8F1000F0FD01F
:106250005FF00000221818F8001082F8341018F8C7
:10626000001011B1401C1028F4D384F8435001E011
:1062700084F83450382E00D33726E662C4E913651B
:10628000201D00F0BEFA04F1180000F0BAFA2461F3
:10629000C6F138006462A061656584F858505246C2
:1062A0005946384600F066FA2060B9F1000F01D077
:1062B000C9F80040BDE8F09F30B5114900E0114633
:1062C0000A688242FBD34B685C18844203D1406861
:1062D00018444860084643681C18944209D1084C89
:1062E000183C2468A24209D052681A4442600A68E5
:1062F00012680260814200D0086030BD0460F9E796
:10630000B800002070B5002441600B4D006191423F
:1063100006D8D11A8269914206D2011D286907E088
:106320009A4203D2994201D3012403E0011DE86897
:1063300000F06AFA204670BD8800002010B50446BF
:1063400000F086FAA06B28B15FF0000400F0A0FA1C
:10635000204610BD0124F9E730B589B03C4D6EE010
:106360000498002806DADDE90601059A90470498AA
:10637000002864DB069C606910B1201D00F00CFA57
:1063800003A800F0D7F8024604980A2857D2DFE89D
:1063900000F00505052D334A05052D3394F8280036
:1063A00040F0010084F828000599A069059B01448C
:1063B0002046FFF7A7FF68B3216A2046884794F874
:1063C000280040073BD5002000900598A1690023D4
:1063D00042181946204601F02BFCD8B9502080F312
:1063E0001188BFF34F8FBFF36F8FFEE714F8280FAC
:1063F00020F00100207022E094F8280040F0010015
:1064000084F828000598A06128B181181346204619
:10641000FFF778FF13E0502080F31188BFF34F8F10
:10642000BFF36F8FFEE794F82800810703D420465E
:1064300000F042FA03E020F0010084F82800002276
:1064400004A9286800F098FE002889D109B030BD61
:10645000880000202DE9FC410F46054600F00AFCAB
:1064600001A800F067F80446019818B101F04EFB4E
:10647000BDE8FC81254EAFB130690068D0B300277C
:10648000291B3A46306800F099FA01F03FFB0028DA
:10649000EED11F494FF080500860BFF34F8FBFF31C
:1064A0006F8FE5E7A542EBD801F030FBF068274697
:1064B000C068C468201D00F06FF994F828004107F7
:1064C00019D5A0692B4641193A462046FFF71AFF15
:1064D000A8B100200346014600902A46204601F05C
:1064E000A7FB60B9502080F31188BFF34F8FBFF333
:1064F0006F8FFEE707E020F0010084F82800216A92
:1065000020468847B4E70127BAE70000880000204A
:1065100004ED00E00648416B096829B1416BC96888
:10652000C9684968816270474FF0FF31FAE700009F
:106530004C00002070B5054601F07CF9064E04467B
:10654000B068844203D200F009F8012000E0002086
:1065500028602046B46070BD88000020F8B5194D51
:1065600020E0C068C4680668201D00F015F9216AA3
:106570002046884794F82800400713D5A069304486
:10658000B04206D924616060211DE86800F03CF942
:1065900008E000200346014600903246204601F004
:1065A00047FB38B1E86801680029DAD12969C5E9F3
:1065B0000310F8BD502080F31188BFF34F8FBFF355
:1065C0006F8FFEE78800002008484068401C4FF0AD
:1065D000500080F3118804D0BFF34F8FBFF36F8F4B
:1065E000FEE7BFF34F8FBFF36F8FFEE7C0000020C1
:1065F000074CE068016841B1C0680021D0F8000094
:10660000FFF728FFFFF7A8FEF3E701210020F7E7D7
:10661000880000202DE9F041044600F019F994F9B2
:10662000455004F1240609E0606A48B1304601F0A3
:1066300035FA08B100F058FA6D1E6DB2002DF3DC8A
:106640004FF0FF3684F8456000F022F900F000F9C1
:1066500094F9445004F1100709E0206948B1384624
:1066600001F01CFA08B100F03FFA6D1E6DB2002D6A
:10667000F3DC84F84460BDE8F04100F009B90000A3
:106680002DE9F0410546002700F0F4FA324E30685B
:1066900008B9FFF745FD706905424ED1C5B308350D
:1066A00068070ED005F00700C0F108000544680730
:1066B00007D0502080F31188BFF34F8FBFF36F8F47
:1066C000FEE72DB37068854237D82348183001465D
:1066D0000C6801E020460C466168A94202D221689C
:1066E0000029F7D131688C4227D007682168016002
:1066F00060680837411B10290FD96019420708D07C
:10670000502080F31188BFF34F8FBFF36F8FFEE7E8
:1067100013E041606560FFF7CFFD61687068401A63
:106720007060B268904200D2B0607069014300208E
:10673000C4E90001F068401CF06001F0E7F9780757
:1067400007D0502080F31188BFF34F8FBFF36F8FB6
:10675000FEE73846BDE8F081A00000200449086843
:1067600018B10868026D521C026508687047000085
:106770004C00002010B5031F4FF080741C601B1FDD
:1067800021F001011960191F024B0B6014394038C8
:106790000A6010BDC9650008D0E9013201699A603C
:1067A000D0E901235A604A68824201D182684A6076
:1067B000002202610868401E0860086870470000F7
:1067C000034B036003F15C00086080201060704799
:1067D0002C0D0020044B036003F15C0008604FF4B3
:1067E0008070106070470000880F002000F10801E1
:1067F0004FF0FF32C0E90112C16001610021016068
:10680000704700210161704730B50B685A1C02D0F7
:1068100000F1080202E0026904E02246546825689B
:106820009D42FAD953684B6099608A605160086153
:106830000168491C016030BD42684A6093688B6002
:1068400093685960916008610168491C0160704754
:10685000502080F31188BFF34F8FBFF36F8F0A4929
:106860004868401C486001280CD10848006810F0B6
:10687000FF0F07D0502080F31188BFF34F8FBFF375
:106880006F8FFEE770470000C000002004ED00E0BD
:106890000849486828B1401E486001D180F311883A
:1068A0007047502080F31188BFF34F8FBFF36F8F75
:1068B000FEE70000C000002070B500282AD0164D69
:1068C000A0F1080460686969084207D1502080F38C
:1068D0001188BFF34F8FBFF36F8FFEE722683AB185
:1068E000502080F31188BFF34F8FBFF36F8FFEE707
:1068F0008843606000F0BEF96068696808446860B9
:106900002046FFF7D9FC2869401C2861BDE870408B
:1069100001F0FCB870BD0000A00000204FF0E020A6
:1069200000210161816105494FF47A720968B1FB68
:10693000F2F1491E416107210161704748000020C2
:1069400010B5F9F79BFC114910280ED300F1E02097
:1069500090F8F0030A78904207D2502080F3118813
:10696000BFF34F8FBFF36F8FFEE709480068896858
:1069700000F4E060884207D9502080F31188BFF30B
:106980004F8FBFF36F8FFEE710BD0000C0000020E7
:106990000CED00E010B5084B002200BF53F8324068
:1069A0001CB1521C082AF9D310BD43F8321003EB76
:1069B000C201486010BD00001007002070B51546E8
:1069C0000E460446FFF744FF94F944100020491C8A
:1069D00001D184F8440094F94510491C01D184F890
:1069E0004500FFF755FFA06B28B92A46314604F150
:1069F000240000F097F82046BDE87040FFF70ABE7B
:106A000010B5020014D00F48006B38B1502080F34D
:106A10001188BFF34F8FBFF36F8FFEE700F02AF9A5
:106A200000211046FFF756FA01F070F8002807D150
:106A300005494FF080500860BFF34F8FBFF36F8F51
:106A400010BD00004C00002004ED00E070B50D46C4
:106A500004000BD095B11E4A106BB8B1502080F3E2
:106A60001188BFF34F8FBFF36F8FFEE7502080F385
:106A70001188BFF34F8FBFF36F8FFEE7502080F375
:106A80001188BFF34F8FBFF36F8FFEE700F0F2F86E
:106A9000D26823685919934204D98B420AD991428A
:106AA00002D807E08B42FAD9881A21600021FFF74B
:106AB00011FA00E0216001F029F8002807D105490A
:106AC0004FF080500860BFF34F8FBFF36F8F70BDE2
:106AD0004C00002004ED00E002490A6A0260C96827
:106AE000416070474C00002001490120C861704797
:106AF0004C00002010B50C4650B109490968183106
:106B0000FFF782FE2046BDE810400121FFF7E2B901
:106B1000502080F31188BFF34F8FBFF36F8FFEE7D4
:106B20004C00002070B514460D4668B10A4909684A
:106B30001831FFF781FE0CB14FF0FF352146284692
:106B4000BDE87040FFF7C6B9502080F31188BFF34D
:106B50004F8FBFF36F8FFEE74C00002070B504002D
:106B60003ED0226DA2B1E06C884200D30146E06ABB
:106B7000884235D0012A33D11A4D2A6894420FD168
:106B8000502080F31188BFF34F8FBFF36F8FFEE764
:106B9000502080F31188BFF34F8FBFF36F8FFEE754
:106BA000E162A269002A02DBC1F13801A1610E4E47
:106BB00000EB8000616906EB8000814210D1201D4E
:106BC000FFF7EAFDE06A2969884200D9286100EBF5
:106BD000800006EB8000211DBDE87040FFF72CBE51
:106BE00070BD00004C0000205007002030B587B079
:106BF0000024039405AA04A903A80494FFF7E0FD68
:106C0000DDE903010094CDE90110002315A1174827
:106C1000059A00F0DEFC164D0028E8621FD000F057
:106C2000D7FF012809D0401C19D1502080F31188CA
:106C3000BFF34F8FBFF36F8FFEE7502080F31188B3
:106C4000BFF34F8FBFF36F8F4FF0FF30A86201206B
:106C50006861EC6007B0BDE8304000F045B807B0AF
:106C600030BD000049444C45000000006D61000843
:106C70004C0000200248016B491C01637047000072
:106C80004C000020164810B5016B11B10121C16103
:106C900010BD0021C1610169124A01E0B9B1491E6C
:106CA00001EB810352F82330002BF7D001EB810375
:106CB00002EB830202F1080453685B685360A3424D
:106CC00001D15B685360DA680260016110BD502039
:106CD00080F31188BFF34F8FBFF36F8FFEE7000083
:106CE0004C000020500700201CB526490878019070
:106CF000FF20087008788DF800009DF800009DF8CE
:106D0000002000F0F000904207D0502080F311885E
:106D1000BFF34F8FBFF36F8FFEE79DF800001A4C53
:106D200000F0500020700720A06005E09DF80020D2
:106D300052008DF80020401E9DF800201206F5D468
:106D4000A060032807D0502080F31188BFF34F8F35
:106D5000BFF36F8FFEE74FF44070A060019808709A
:106D60000A48016841F470010160016841F0704116
:106D70000160FFF7D3FD00206060F9F749FA0020B9
:106D80001CBD000000E400E0C000002020ED00E099
:106D900010B5502080F31188BFF34F8FBFF36F8F72
:106DA00000F056FD18B104494FF0805008600020F3
:106DB00080F3118810BD000004ED00E010B502461C
:106DC0000021012000F012F80446FFF7FFF92046E9
:106DD00010BD38B50B46002200901146012000F08E
:106DE00026F80446FFF7F2F9204638BDF8B51746F5
:106DF0000E46050013D005FB06F05030FFF740FCAF
:106E000004000AD0002084F8460004F150023B46FA
:106E1000314628460094FFF7E5F92046F8BD50209A
:106E200080F31188BFF34F8FBFF36F8FFEE738B544
:106E3000049D18B153B1CAB181B120E0502080F354
:106E40001188BFF34F8FBFF36F8FFEE7502080F3A1
:106E50001188BFF34F8FBFF36F8FFEE7502080F391
:106E60001188BFF34F8FBFF36F8FFEE739B150200A
:106E700080F31188BFF34F8FBFF36F8FFEE750246D
:106E80001C46012384F846302B460094FFF7AAF9EC
:106E9000204638BD70B50D46040025D0FFF7D8FC5C
:106EA000D4E90F20216802FB0011A1600021A16339
:106EB000216861600A46D4E90F01401E00FB0121F0
:106EC000E16021464FF0FF3001F8440F487004F1B3
:106ED00010008DB1FFF78AFC04F12400FFF786FC57
:106EE000FFF7D6FC012070BD502080F31188BFF35E
:106EF0004F8FBFF36F8FFEE721690029F0D000F0BC
:106F0000CDFD0028ECD004494FF080500860BFF35D
:106F10004F8FBFF36F8FE3E704ED00E02DE9FF47EC
:106F200082B01D468A464FF00008040003D0BAF133
:106F3000000F08D011E0502080F31188BFF34F8F6D
:106F4000BFF36F8FFEE7206C38B1502080F31188BB
:106F5000BFF34F8FBFF36F8FFEE7022D0AD1E06BB7
:106F6000012807D0502080F31188BFF34F8FBFF363
:106F70006F8FFEE700F050FC3F4F4FF000094FF0DD
:106F8000805648B9049838B1502080F31188BFF377
:106F90004F8FBFF36F8FFEE7FFF75AFCA06BE16BDB
:106FA000884207D3022D05D00498D0B1B8F1000F64
:106FB0001AD01EE02A4651462046FFF760F8616A63
:106FC00019B104F1240000F069FD20B13E60BFF367
:106FD0004F8FBFF36F8FFFF75BFC012006B0BDE85A
:106FE000F087FFF755FC22E06846FFF775FD4FF08C
:106FF0000108FFF74DFCFFF73DFEFFF729FC94F970
:107000004400401C01D184F8449094F94500401C90
:1070100001D184F84590FFF73BFC04A9684600F0D5
:1070200071FA30B12046FFF7F5FA00F06FFD00204D
:10703000D4E7FFF70DFCA06BE16B884213D1FFF79B
:1070400027FC04F110000499FFF754FD2046FFF7D8
:10705000E1FA00F05BFD00289ED13E60BFF34F8F48
:10706000BFF36F8F98E7FFF713FC2046FFF7D2FAC4
:1070700000F04CFD90E7000004ED00E02DE9F04742
:107080001F4690468946040003D0B9F1000F08D08E
:1070900011E0502080F31188BFF34F8FBFF36F8F43
:1070A000FEE7206C38B1502080F31188BFF34F8F7A
:1070B000BFF36F8FFEE7022F0AD1E06B012807D0E4
:1070C000502080F31188BFF34F8FBFF36F8FFEE71F
:1070D000FFF736FC5020EFF3118680F31188BFF3E1
:1070E0004F8FBFF36F8FA06BE16B884206D3022FE7
:1070F00004D0002086F31188BDE8F08794F945504C
:10710000A06B3A4649462046FEF7B9FF681C04D0FA
:107110006D1C84F845500120ECE7606A0028FAD025
:1071200004F1240000F0BAFC0028F4D0B8F1000FFC
:10713000F1D00121C8F80010EDE710B5040009D026
:1071400000F064FBA168884214D1E068401EE06052
:1071500008D00DE0502080F31188BFF34F8FBFF3AC
:107160006F8FFEE700231A4619462046FFF7D6FE2A
:10717000012010BD002010BD2DE9F747002683B087
:107180008A46040003D0BAF1000F08D011E0502065
:1071900080F31188BFF34F8FBFF36F8FFEE7206C32
:1071A00038B1502080F31188BFF34F8FBFF36F8F3A
:1071B000FEE700F031FBDFF8F4804FF000094FF0FC
:1071C000805748B9059838B1502080F31188BFF333
:1071D0004F8FBFF36F8FFEE7FFF73AFBA56BC5B18B
:1071E00051462046FEF738FF6D1EA563206950B159
:1071F00004F1100000F052FC28B1C8F80070BFF391
:107200004F8FBFF36F8FFFF743FB012006B0BDE840
:10721000F087059808B11EB106E0FFF739FB27E0BB
:107220006846FFF759FC0126FFF732FBFFF722FD06
:10723000FFF70EFB94F94400401C01D184F8449000
:1072400094F94500401C01D184F84590FFF720FBDC
:1072500005A9684600F056F9002820460AD0FFF735
:10726000D9F900F053FC2046FFF768F80028B3D0A6
:107270000020CBE7FFF762F890B104F124000599F4
:10728000FFF738FC2046FFF7C5F900F03FFC002867
:10729000A2D1C8F80070BFF34F8FBFF36F8F9BE789
:1072A0002046FFF7B7F900F031FC95E704ED00E068
:1072B0002DE9F04790468946040003D0B9F1000F4C
:1072C00008D011E0502080F31188BFF34F8FBFF337
:1072D0006F8FFEE7206C38B1502080F31188BFF328
:1072E0004F8FBFF36F8FFEE7FFF72AFB5020EFF3BE
:1072F000118680F31188BFF34F8FBFF36F8FA76B99
:10730000F7B194F9445049462046FEF7A5FE7F1E8A
:10731000A763681C04D06D1C84F84450012010E061
:1073200020690028FAD004F1100000F0B7FB002813
:10733000F4D0B8F1000FF1D00121C8F80010EDE74A
:10734000002086F31188BDE8F08700002DE9F343A3
:10735000002683B00400354609D0206C78B1502057
:1073600080F31188BFF34F8FBFF36F8FFEE750207C
:1073700080F31188BFF34F8FBFF36F8FFEE700F0EC
:107380004BFADFF83C814FF000094FF0805748B9C5
:10739000049838B1502080F31188BFF34F8FBFF3AA
:1073A0006F8FFEE7FFF754FAA06BC8B1401EA063D1
:1073B000206810B9FFF7D2F9A060206950B104F13C
:1073C000100000F06BFB28B1C8F80070BFF34F8FBE
:1073D000BFF36F8FFFF75CFA012005B0BDE8F083C3
:1073E000049808B166B10FE03DB1502080F31188D8
:1073F000BFF34F8FBFF36F8FFEE7FFF749FA5DE0F2
:107400006846FFF769FB0126FFF742FAFFF732FCF7
:10741000FFF71EFA94F94400401C01D184F844900F
:1074200094F94500401C01D184F84590FFF730FAEB
:1074300004A9684600F066F80028204612D0FFF73D
:10744000E9F800F063FB2046FEF778FF0028A9D09A
:107450009DB3FFF7FDF9606A50B3206B0068C0F17F
:10746000380126E0FEF76AFFE0B1206838B9FFF77F
:10747000EFF9A06800F0D6FA0546FFF709FA04F123
:1074800024000499FFF736FB2046FFF7C3F800F00D
:107490003DFB002886D1C8F80070BFF34F8FBFF3C3
:1074A0006F8F7FE72046FFF7B5F800F02FFB79E7F5
:1074B0000021A068FFF752FB9FE7FFE700208CE761
:1074C00004ED00E070B50D46040009D000F09EF90F
:1074D000A16888420CD1E068401CE060012070BDCA
:1074E000502080F31188BFF34F8FBFF36F8FFEE7FB
:1074F00029462046FFF72AFF0028F0D0E168491C02
:10750000E16070BD2DE9F0410C46050011D0C4B119
:10751000FFF79EF9174BDA686E682068911B471CCD
:1075200017D02F681B6A9F4219D0964217D80124A2
:1075300010E0502080F31188BFF34F8FBFF36F8F9F
:10754000FEE7502080F31188BFF34F8FBFF36F8F9A
:10755000FEE70024FFF79CF92046BDE8F081884251
:1075600005D9401A20602846FFF7B6FAF1E7002057
:107570002060DCE74C0000202DE9FF5F8346DDE959
:107580000E87994616468A469000FFF779F805005F
:107590001CD05C20FFF774F8040014D00020256391
:1075A00084F85900CDE90240CDE900874B463246C8
:1075B00051465846FEF728FE2046FEF7B9FC01204A
:1075C00004B0BDE8F09F2846FFF776F94FF0FF3092
:1075D000F6E7F0B585B0DDE90B640A9DA6B1DCB134
:1075E0005C2700972663022684F85960002604AFC2
:1075F000CDE90246CDE90057FEF706FE2046FEF72C
:1076000097FC049805B0F0BD502080F31188BFF3BB
:107610004F8FBFF36F8FFEE7502080F31188BFF3C9
:107620004F8FBFF36F8FFEE72DE9F0411F46904665
:107630000D46012690B10446FFF70AF90FB1606DBF
:10764000386094F85800022184F85810B8F1050FFA
:1076500019D2DFE808F0230B0E141200502080F33B
:107660001188BFF34F8FBFF36F8FFEE7616D294322
:1076700001E0616D491C616510E0022801D065657B
:107680000CE0002634E0616D491C07D0502080F3E7
:107690001188BFF34F8FBFF36F8FFEE7012827D10B
:1076A000201DFFF779F8154DE06A2969884200D955
:1076B0002861134900EB800001EB8000211DFFF7DA
:1076C000BBF8A06A38B1502080F31188BFF34F8F08
:1076D000BFF36F8FFEE7E06A2968C96A884207D95D
:1076E00008494FF080500860BFF34F8FBFF36F8F92
:1076F000FFF7CEF83046BDE8F08100004C000020D6
:107700005007002004ED00E02DE9F0471F46DDF8AA
:10771000209092460D4604004FF001081AD0FFF762
:107720000FF95020EFF3118680F31188BFF34F8FCC
:10773000BFF36F8F0FB1606D386094F8580002216D
:1077400084F85810BAF1050F1AD2DFE80AF0240BBA
:107750000E141200502080F31188BFF34F8FBFF337
:107760006F8FFEE7616D294301E0616D491C616522
:1077700011E0022801D065650DE04FF0000839E006
:10778000616D491C07D0502080F31188BFF34F8FE3
:10779000BFF36F8FFEE701282CD1A06A38B15020CB
:1077A00080F31188BFF34F8FBFF36F8FFEE7144D47
:1077B000286B18B104F1180112480DE0201DFEF7E6
:1077C000EBFFE06A2969884200D928610E4900EB85
:1077D000800001EB8000211DFFF72EF8E06A296888
:1077E000C96A884206D90120B9F1000F01D0C9F851
:1077F0000000E86186F311884046BDE8F08700008C
:107800004C000020D80B00205007002001480068E1
:10781000704700004C0000200548416919B1006B19
:1078200018B1002070470120704702207047000007
:107830004C0000200148C068704700004C00002048
:1078400010B5FFF77DF80148C06810BD4C0000205E
:107850002DE9F0412E4C0027206B28B1A069401C77
:10786000A0613846BDE8F081E668761CE66013D179
:10787000606B006838B1502080F31188BFF34F8FE0
:10788000BFF36F8FFEE7606BA16B6163A063206A3B
:10789000401C2062FEF73EFEA06ADFF87880864238
:1078A00009D3606B0068A0B1606BC068C568686888
:1078B000864211D2A0622068C06A00EB800158F8AD
:1078C0002100012800D90127E0690028C9D001273B
:1078D000C7E74FF0FF30EDE7281DFEF75DFFA86A10
:1078E00018B105F11800FEF757FFE86A21698842D0
:1078F00000D9206100EB800108EB8100291DFEF713
:107900009BFFE86A2168C96A8842CAD30127C8E791
:107910004C000020500700202DE9F0411E4615467E
:1079200088460746FEF794FF1C4C206890F85800E4
:10793000022814D02068416DB943416521680120B7
:1079400081F858005EB101213046FEF7C3FA1449B0
:107950004FF080500860BFF34F8FBFF36F8FFEF77B
:1079600097FFFEF775FF15B12068406D286020680D
:1079700090F85800022801D0002505E02068416DEC
:1079800021EA0801416501252168002081F858009D
:10799000FEF77EFF2846BDE8F08100004C00002085
:1079A00004ED00E070B504004FF0000133D01B4D32
:1079B0002868844207D0502080F31188BFF34F8F8E
:1079C000BFF36F8FFEE7206D38B1401E2065E36C7A
:1079D000E26A9A421FD040B11DE0502080F3118826
:1079E000BFF34F8FBFF36F8FFEE7201DFEF7D4FE6E
:1079F000E06CE062C0F13800A061E06A2969884269
:107A000000D92861064900EB800001EB8000211DB0
:107A1000FEF712FF0121084670BD00004C00002057
:107A20005007002070B504004FF000002BD0194D16
:107A3000E16A2A68D26A914226D2A069002804DB52
:107A40002868C06AC0F13800A061134E01EB8101C3
:107A5000606906EB8101884211D1201DFEF79CFE72
:107A60002868C06AE0622969884200D9286100EB71
:107A7000800006EB8000211DFEF7DEFE02E0286894
:107A8000C06AE062012070BDE16C2A68D26A91424E
:107A9000F8D370BD4C0000205007002070B5C068BE
:107AA000C46854B104F118000646FEF775FE144D83
:107AB000286B50B13146134815E0502080F31188EF
:107AC000BFF34F8FBFF36F8FFEE7201DFEF764FEFD
:107AD000E06A2969884200D928610B4900EB8000DF
:107AE00001EB8000211DFEF7A7FEE06A2968C96A44
:107AF000884202D90120E86170BD002070BD0000FD
:107B00004C000020D80B0020500700202DE9F04742
:107B10002C4D00242746286B38B1FEF799FE286BC0
:107B2000401E2863286B40B146E0502080F3118846
:107B3000BFF34F8FBFF36F8FFEE7A968224E01207E
:107B4000D1B3A6F5916980463068E0B1F068C468A9
:107B500004F11800FEF720FE201DFEF71DFEE06A6E
:107B60002969884200D9286100EB800109EB810076
:107B7000211DFEF761FEE06A2968C96A8842E3D3E5
:107B8000C5F81C80E0E70CB1FEF7C4FCAC694CB151
:107B90004FEA0806FFF75CFE00B1EE61641EF9D102
:107BA0000020A861E86938B1084901273807086052
:107BB000BFF34F8FBFF36F8FFEF76AFE3846BDE805
:107BC000F08700004C000020D80B002004ED00E0FE
:107BD00010B586B0FEF714FA114C2068B8B1002039
:107BE0000390049005AA04A903A8FEF7F3FDDDE9BC
:107BF000032102208DE8070000230AA10B48059A03
:107C0000FFF7E7FC606010B106B0012010BD502006
:107C100080F31188BFF34F8FBFF36F8FFEE7000033
:107C200088000020546D722053766300F1650008CF
:107C30002DE9FF411E46134602000A9D4FF0000049
:107C400016D0144C2768002F0FD0CDE900130292F4
:107C5000062917DAFFF7E0FD02284FF000030FD0E6
:107C6000002269462068FFF759F904B0BDE8F081A9
:107C7000502080F31188BFF34F8FBFF36F8FFEE763
:107C80002A46EEE70023324669463846FFF7F6F902
:107C9000EBE700008800002021F00042A2F16052D2
:107CA000B2F5801F01F0004328BFD2F17F6C0BD9E1
:107CB0005FEA001C43EAC20242EB507018BF7047F3
:107CC00028BF20F001007047B2F5801FBCBF1846E6
:107CD00070474FEA410C1CF5001F02D2084600F025
:107CE000E2BE70B500F01CFB00000089FFF7F6BF94
:107CF0004FF00040A0F580007047000010B591EAF9
:107D0000030F48BF83F0004300F17283841A71EBC4
:107D1000030C05D2121943EB0C03001B61EB0C01A1
:107D2000DFF824E14FEA1154A4EB135C1EEA430F81
:107D300018BF9EEA445F73D023EA0E03DCF1200EE5
:107D400021EA045143F4801332D322FA0CFE10EBE3
:107D50000E0023FA0CFE41EB0E01CCF1200E03FACB
:107D60000EFE10EB0E0051F10001B1F5801FCCF1B9
:107D7000200E32D201EB045112FA0EF2BDE810408F
:107D800058BF7047401C38BF5FEA420218BF7047B7
:107D9000002814BF20F0010041F100014FEA410327
:107DA00013F5001F38BF7047A1F1C04100F006BBBA
:107DB000012A43EB0302ACF1200CDCF11F0E32BFB1
:107DC0004FF0000E23FA0CF310EB030041EB0451CB
:107DD000B4EB115FD0D0A1EB045101F5801149083B
:107DE0005FEA300001EB04510ED350F1000038BFC0
:107DF00012FA0EFE08D1BDE81040C9E7401C38BF9A
:107E00005FEA4202CAD1C3E7BDE810404FEA41032E
:107E100013F5001F38BF7047A1F1C04100F0CEBA82
:107E20009EEA445F08D011EA5E0FBDE8104004BF2F
:107E300001F0004100207047BDE8104070B500F02F
:107E40006FFA00BF64FBBE3E0000E0FF02494FF046
:107E5000000000F0DEBE00BF0000F87F491058BFF0
:107E6000C1F140415B1058BFC3F140438B42EFF377
:107E7000008070472DE9C04130B4DFF8A0C23CEA71
:107E8000111418BF3CEA131400F0EC8081EA0305DA
:107E90001CEA111444EAD57418BF1CEA131500F04B
:107EA000C780A4EB05044FF0004545EAC12145EA2F
:107EB000C32341EA505143EA525304F17F7499427B
:107EC00004F500344FEAC0204FEAC22208BF9042B6
:107ED00000F09C804FEA13650FF24016765D4FEA82
:107EE000134506FB05F7C7F1807706FB07F74FEA56
:107EF000D737A7FB03687642C8F58038A7FB06CEC4
:107F000038BFA8F1010807FB08E64FF0000EA6FBFA
:107F1000028CE6FB03CEDCF1000CCEF1004E38BF44
:107F2000AEF1010EA6FB0C584FF000074FF0000514
:107F3000E6FB0E87A1FB08C6A0FB07CE16EB0E06DC
:107F400045F10005E1FB076515F1E04E7EBFA4F5A4
:107F500080345FEA46066D4116F1800745F1000561
:107F60004FEA17274FEA066647EA0567A6F1DE469D
:107F7000B6F1805F4FEA15251FD9384624F0010C71
:107F800005EBC471BCF1FE6F01EB0C1102D8F0BC23
:107F9000BDE8008124425CBF01F5801E9EEAC47FDB
:107FA00002D4F0BCBDE80081244238D4F0BCA1F179
:107FB000C041BDE8004100F001BA4FEAD22242EAD6
:107FC00043524FEAD323A7FB02864FEAD02040EA70
:107FD000415007FB03661EEA0E0F4FEAD12105FB55
:107FE000026658BFA6EB0056B6EB00564FEA520E9B
:107FF0004EEAC37E18EB0E0E56EB530EBDD518EBB2
:1080000002085E417F1C55F10005B6E74FF480156C
:108010004FF000074FF000064FF00008ADE7F0BC4E
:108020004FF0000001F1C04101F00041BDE80081C6
:1080300011EA0C1F0CEA131500D00CE013EA0C1F18
:1080400000F025804FF00000F0BC81EA030101F050
:108050000041BDE80081F0BCBDE8004181EA0301B8
:1080600000F0ACB9F0BCBDE8004170B500F058F9C3
:10807000097EFC3E00F007B881EA03014FF00000E2
:1080800001F00041704781EA030100F097B9F0BCAC
:10809000BDE800414FF0000021497047FFFDFBF9AA
:1080A000F7F5F4F2F0EEEDEBE9E8E6E4E3E1E0DE2B
:1080B000DDDBDAD8D7D5D4D3D1D0CFCDCCCBCAC89D
:1080C000C7C6C5C4C2C1C0BFBEBDBCBBBAB9B8B7C4
:1080D000B6B5B4B3B2B1B0AFAEADACABAAA9A8A8B7
:1080E000A7A6A5A4A3A3A2A1A09F9F9E9D9C9C9B85
:1080F0009A99999897979695959493939291919030
:108100008F8F8E8E8D8C8C8B8B8A898988888787C0
:108110008685858484838382828181800000FF0735
:108120000000F87F51EA030C17D41CF5801F58BFDC
:10813000BCF5801F00F10680994218BF704708BF48
:108140009042704707D711F5801F58BF13F5801F65
:1081500019D499427047894270471CF5801F08D591
:10816000BCF5801FF7D58B4218BF704708BF82420D
:1081700070474FF4001C1CEB410F38BF1CEB430F42
:1081800001D28B42704770B500F0CAF892244900C2
:108190004FF000514FF08053FFF760BE10F00042E7
:1081A00048BF4042B0FA80F310FA03F10AD0C3F19D
:1081B0001D0303F580634FEA415002EB035202EBCB
:1081C000D12170474FF0000070470000DFF848C130
:1081D00070B51CEA111E1EBF1CEA13159EEA0C0F97
:1081E00095EA0C0F00F06F8081EA030423EA4C1338
:1081F0004EEAD47E21EA4C1141F4801143F48013FD
:10820000AE44A1FB024CA0FB0365AEF17F7E3619A4
:1082100055EB0C05A1FB034C4CF10003A0FB021C29
:1082200016EB0C06654153F10003094218BF46F0F6
:10823000010613F4007F0BD14FEA03314FEA0530FA
:10824000340341EA155140EA16506FF003020AE088
:108250004FEAC3214FEAC520F40241EA555140EAF2
:1082600056506FF0020202EB2E4201EB025585EAF6
:10827000CE710AD05FEA440C18BF24F0004450F1DC
:10828000000041F1000120EAD47040F2FE7C62451A
:1082900000D270BDA84214BF4FF080444FF040445C
:1082A000002E08BF0024BEF1806FA8BFA1F1C0411D
:1082B000BDE8704080F282804FF0000001F1C041C3
:1082C00001F0004170479EEA0C0F0CEA131518BF2D
:1082D00095EA0C0F06D04FF0000081EA030E0EF075
:1082E000004170BD00F01CF88900013E00F007B8A5
:1082F00000F009B84FEA430C5FEA5C5C08D081EA01
:10830000030100F05BB84FEA410C5FEA5C5CF6D118
:108310004FF00000014970470000FF070000F87FA0
:108320000EF1020E2EF0030E5EF8046B364205D4F9
:10833000012A43EB030515F5001F12D8012841EB74
:10834000010C1CF5001F0CD80ED14FEAD17C15F59D
:10835000001F0CEB4C0C0CF1020C08BF4CEBD37C57
:1083600004E04FF0080C01E04FEAD37C0CEB4C0525
:1083700026FA05F606F00706B6F1040C06D20EEB57
:10838000860CBDE870404CF0010C6047DFE80CF053
:10839000090B02024FF000414FF00000A1F500214F
:1083A00070BD19461046012851EB010418BFD4F5E1
:1083B000001484BF002001F0004170BD0808A0F542
:1083C00000114FEA3101704791EA030F10B581F0B7
:1083D00000413FF59BAC83F0004300F009B800007A
:1083E00010B591EA030F48BF83F000433FF58EAC10
:1083F000841A71EB030C07D212198CF0004C43EB7A
:108400000C03001B61EB0C01DFF8A4E14FEA1154EF
:10841000A4EB135C1EEA430F18BF9EEA445F00F012
:10842000B08023EA6E03524221EA0451C3EB6E038B
:1084300038BF5B1EDCF1200E25D322FA0CFE10EBB8
:108440000E0043FA0CFE41EB0E01CCF1200E03FAB4
:108450000EFE10EB0E0051F10001CCF1200E29D4DC
:1084600012FA0EF201EB0451BDE8104058BF7047FC
:10847000401C1CBFB2F1004F704700280CBF491CC4
:1084800020F00100704712EB020E43EB030218BF0D
:108490004FF0010E4EEA4202ACF1200CDCF11E0E50
:1084A00054D943FA0CFE10EB0E0051F1FF31CCF120
:1084B0001E0ED5D50EF1010E12FA0EFE404141EB13
:1084C000010101EB445C5FEA5C5C10D910EBDE70EB
:1084D00001EB045138BFBEF1004FBDE8104018BF9A
:1084E000704700280CBF491C20F00100704730D2B3
:1084F0004FEAD42C11F5001124F400641BD0B1FA1A
:1085000081F20B3AA41AA41ED2F12003914030FA52
:1085100003F31943904001EBCC71002C01EB0451A3
:10852000BDE81040A8BF704701F1C0414FF0000006
:1085300001F000417047B0FA80F310FA03F100D166
:1085400010BDE41A173C4805C90AE4E701EB0451E1
:1085500010BD491001EB0451BDE810404FEA300056
:1085600002E04FF0000170474A0008BF0042F8D017
:10857000B2F5001F28BF704701F000414FF0000026
:1085800070479EEA445F07D011EA5E0FBDE81040D5
:1085900004BF002100207047BDE8104070B5FFF710
:1085A000BFFE00BF40DFF63E83F00041104670473B
:1085B0000000E0FF90EA010F48BF81F0004100F1A8
:1085C000BA82421A3CBF801A89184FEAD0524FF043
:1085D0007F4C1CEA410FA2EBD15318BF9CEA026FFB
:1085E00000F03B804FF0004C4CEA00204CEA0121A7
:1085F00021FA03FC10EB0C0C1ED202F1FF325FEAF1
:108600001C2040EBC25038BF70471CF07F0F4FEA70
:10861000400C18BFBCF17F4F38BF7047C3F1200337
:10862000994008BF20F00100BCF17F4F38BF704770
:10863000A0F1C04000F037BA4FEA3C00000A40EB1E
:10864000C25028BF1CF0FF0F4FEA400CE6D018BF05
:10865000BCF17F4F38BF7047EAE79CEA026F05D054
:1086600010EA5C0F08BF00F00040704710B500F042
:10867000D4F900BF64FBBE3E014800F0CABA00BF97
:108680000000C07F401058BFC0F14040491058BFA3
:10869000C1F140418142EFF3008070474FF47F0CFD
:1086A0001CEAD0121EBF1CEAD11392EA0C0F93EA07
:1086B0000C0F00F0858090EA010F48BF42F48072F1
:1086C00040F4000C41F400002CF07F4120F07F408A
:1086D00000B58142A2EB03020FF2081CACEB504E36
:1086E000C0F100009EF800E04FEA4E0E00FB0EFCC9
:1086F00038BF49004FEA2C1C02F5FA020CFB0EF3BE
:108700004FEACE1E4FEA112C4FEAC1210EEB635EF9
:1087100042EB22420EFB0CFC4FEA1C5300FB031100
:108720004FEA112C4FEA01310EFB0CFC4FEADC4CF6
:1087300000FB0C11C14228BF09184CEB03335DF854
:1087400004EB10EB410143EBC250B2F57C0F38BF94
:10875000704729D512F0F00F1CBF00F1C04000F0A7
:1087600000407047008182838485868788898B8C4E
:108770008D8E8F919293959697999A9C9D9FA0A28A
:10878000A3A5A7A8AAACAEB0B2B3B5B7B9BCBEC0DA
:10879000C2C5C7C9CCCED1D4D7D9DCDFE2E6E9EC7B
:1087A000F0F3F7FAFE0000004FEA400C0CF1807C79
:1087B000BCF17E4F28BF7047B0F1C04000F073B9E4
:1087C00090EA010F0CEAD11348BF42F4807262456F
:1087D00038BF634507D213F47F0F16D080EA01003B
:1087E00000F00040704710B500F017F9097EFC3E1C
:1087F00000F005B880EA010000F00040704780EA10
:10880000010000F0004000F04EB912F47F0F04BFE9
:108810000248704780EA010000F045B90000C07FBF
:1088200041000B0ED3F19E0208D950F400034FEA29
:10883000032323FA02F048BF4042704710B500F00E
:10884000ECF800BF49922480002070476FF000428E
:1088500082EA20007047000010F0004148BF40420B
:10886000B0FA80F310FA03F2C3F19D030BD051EA82
:10887000C35101EB1220530638BF704700F10100CD
:1088800008BF20F001007047B0FA80F310FA03F23D
:10889000C3F19D030AD0D90501EB1220530638BF5E
:1088A000704700F1010008BF20F001007047000090
:1088B00050EA010C00F113801CF5000F58BFBCF505
:1088C000000F01D48842704707D710F5000F58BF3A
:1088D00011F5000F15D488427047894270471CF586
:1088E000000F04D5BCF5000FF7D5814270474FF05B
:1088F000807C1CEB400F38BF1CEB410F01D2814242
:10890000704710B500F089F8922449004FF00050EC
:108910004FF08051FFF7B6BE4FF47F0C1CEAD01227
:108920001EBF1CEAD11392EA0C0F93EA0C0F00F061
:10893000478090EA010F48BF42F480724FF0004C2C
:108940004CEA00204CEA012102EB0302A0FB0113D8
:10895000A2F50002002918BF43F001035B0028BF05
:108960004FEA330342EB22425FEA132C4CEBC25036
:108970002EBFBCEB436FB2F57C0F70474FEA036C20
:10898000BCF1004F08BF20F00100B2F57C0F38BFEA
:1089900070470BD582F0FF0212F5803FC8BF7047C9
:1089A00000F1C040D8BF00F00040704700F5000C57
:1089B0005FEA4C0C48BF7047B0F1C04000F073B89C
:1089C00090EA010F0CEAD11348BF42F4807262456D
:1089D00038BF634504D280EA010000F000407047D0
:1089E00010B500F01AF800BF8900013E00F007B88A
:1089F00000F009B85FEA410C5FEA1C6C08D080EA1D
:108A0000010000F050B85FEA400C5FEA1C6CF6D140
:108A10004FF00040A0F5800070470EF1020E2EF0DE
:108A2000030E5EF8044B244204D44FEA4102B2F133
:108A30007F4F11D84FEA4003B3F17F4F0CD80ED1CE
:108A40004FEAD07CB2F17F4F0CEB4C0C0CF1020CD6
:108A500008BF4CEBD17C04E04FF0080C01E04FEA7A
:108A6000D17C0CEB4C0324FA03F404F00704B4F1BA
:108A7000040C06D20EEB840CBDE810404CF0010C47
:108A80006047DFE80CF0070802024FF00040A0F555
:108A9000800010BD0846420018BFD2F1807288BF26
:108AA00000F0004010BDFF2141EAD050C0057047E2
:108AB00051EA000C00F113801CF5000F58BFBCF503
:108AC000000F01D48142704707D711F5000F58BF3E
:108AD00010F5000F15D481427047894270471CF58C
:108AE000000F04D5BCF5000FF7D5884270474FF052
:108AF000807C1CEB410F38BF1CEB400F01D2884239
:108B0000704780EA010081EA000180EA0100FFF776
:108B1000F8BE80F0004090EA010F7FF552AD81F081
:108B2000004100F008B8000090EA010F48BF81F052
:108B300000413FF546AD421A04D882F00042A0EB56
:108B4000020011444FEAD0524FF07F4C1CEA410F13
:108B5000A2EBD15318BF9CEA026F4AD04FF0004CF1
:108B60004CEA00204CEA012121FA03FCB0EB0C0C8A
:108B70000FD412F0FE0F36D05FEA4C001DD5001264
:108B800040EBC25038BF70471CF03F0F18BF704712
:108B90000BE0A2F101025FEA1C2040EBC25038BF9B
:108BA00070471CF07F0F18BF7047C3F12003994036
:108BB00014BF401E20F00100704780084FEA1223C6
:108BC00008BF7047B0FA80FCA2EB0C02CCF1280C75
:108BD00060FA0CF093EA122F04BF00EBC25070470A
:108BE0004FEAC3707047130A5FEADC1008BF704792
:108BF000F6E79CEA026F04D010EA5C0F08BF002081
:108C0000704710B5FFF709FF40DFF63E81F00040E6
:108C100070470CF00F03092B08BF082000F07F807D
:108C20000A2B0BD0082B18BF704708BF1CF0400F51
:108C30000AD04FF000004FF0000170471CF0400FC9
:108C400018BF4FF0004070471CF0100F08D020F004
:108C5000704300F07F4242EAD3014FEA437070470D
:108C600000F0604021F07F4242EA000201F07F40C4
:108C700040EA727070474FF0FF0C4CF4E06C1CEA55
:108C800011531CBF9CEA030C9445C2BFDA4201EBAE
:108C900002517047002B0DD0BCF1000F0FD0002AFD
:108CA00001F00041A4BF41F0E04141F07F614FF08D
:108CB0000000704701F000414FF00000704750EA9B
:108CC00001334FF09B0C18BF4CF0806C7FF4BEA8B2
:108CD00070474FF0FF0212EAD0521CBF92F0FF0320
:108CE0008B42C2BFD14200EBC1507047002A0AD06C
:108CF000002B0BD0002900F00040A4BF40F0FE4044
:108D000040F40000704700F00040704743024FF00D
:108D10000B0C18BF4CF0806C7FF4AEAC70471CF4A9
:108D2000801F11D01CF4E02F03D06FEACC31490032
:108D300070474FF04050EFF3008222F0704242EA59
:108D4000000282F3008870474FF000007047000077
:108D500094920008000000000000000000000000E5
:108D600000000000000800002800000000000000D3
:108D700000000000A09200080000000000000000B9
:108D800000000000000000000006000008000000D5
:108D900000000000000000008492000800000000B5
:108DA00000000000000000000000000000060000BD
:108DB000180000000000000000000000749200088D
:108DC00000000000000000000000000000000000A3
:108DD000000400001000000000000000000000007F
:108DE0006492000800000000000000000000000085
:108DF0000000000000000000509200080000000089
:108E00000000000000000000000000000000000062
:108E10003892000800000000000000000000000080
:108E20000000000000000000289200080000000080
:108E30000000000000000000000000000000000032
:108E4000B0920008000000000000000000000000D8
:108E50000000000000020151090608083E08080849
:108E600008080808006060000020100804020036AE
:108E700036000040404040403E5149453E00427F60
:108E8000400042615149462141454B311814127F3F
:108E90001027454545393C4A4949300171090503C8
:108EA0003649494936064949291E7E1111117E7FEE
:108EB000494949363E414141227F4141221C7F4977
:108EC0004949417F090909013E4149497A7F08081A
:108ED000087F00417F41002040413F017F0814226C
:108EE000417F404040407F020C027F7F0408107F9A
:108EF0003E4141413E7F090909063E4151215E7FC5
:108F000009192946464949493101017F01013F407C
:108F100040403F1F2040201F3F4038403F6314081F
:108F2000146307087008076151494543205454549D
:108F3000787F484444383844444420384444487F87
:108F40003854545418087E0901020C5252523E7F84
:108F50000804047800447D40002040443D007F1018
:108F600028440000417F40007C041804787C0804F9
:108F7000047838444444387C141414080814141831
:108F80007C7C080404084854545420043F44402086
:108F90003C4040207C1C2040201C3C4030403C4455
:108FA000281028440C5050503C4464544C44010256
:108FB00002030405060708090A0B0C0D0E0F10101A
:108FC0000000000000000000010203040607080979
:108FD00000000000010203043031323334353637EB
:108FE00038394142434445464030580030313233ED
:108FF00034353637383961626364656640307800ED
:109000000400000800000000000000020001000051
:1090100010000000000000004FBB610567ACDD3FA1
:10902000182D4454FB21E93F9BF681D20B73EF3F8F
:10903000182D4454FB21F93FE2652F227F2B7A3C07
:10904000075C143326A6813CBDCBF07A8807703CC0
:10905000075C143326A6913CC4EB98999999C9BF33
:10906000711623FEC671BCBF6D9A74AFF2B0B3BF68
:109070009AFDDE522DDEADBF2F6C6A2C44B4A2BF28
:109080000D5555555555D53FFF8300922449C23F94
:109090006E204CC5CD45B73F513DD0A0660DB13FC8
:1090A000EB0D76244B7BA93F11DA22E33AAD903FDA
:1090B0000000000000000000236B65792C6D732C0C
:1090C00062742C6167652C64726976652C747572A4
:1090D0006E2C73706565642C7461726765742C7096
:1090E000697463682C6779726F2C656E635F6C2C92
:1090F000656E635F722C625F70776D2C765F707740
:109100006D2C70776D5F6C2C70776D5F722C737443
:109110006174652C6C6F6F702C6D69737365642C52
:10912000756C7472615F6D6D2C756C7472615F76B5
:10913000616C69642C61766F69640D0A000000003F
:109140002362742C6D6F64653D72656D6F74652C60
:10915000626175643D393630302C7261775F7469B5
:109160006D656F75743D3530306D732C6F6E5F7447
:10917000696D656F75743D31303030306D730D0A37
:10918000000000002362742C72783D307825303264
:10919000582C6D6F64653D25732C64726976653D4E
:1091A00025732C7475726E3D25732C737065656420
:1091B0003D25752C6C696E655F73706565643D2532
:1091C000752C676561723D25752C74696D656F75C9
:1091D000743D256C756D730D0A000000236B657975
:1091E0002C256C752C25732C256C752C25732C2542
:1091F000732C25752C25732C25732C25732C256435
:109200002C25642C256C642C256C642C25642C2561
:10921000642C25732C25752C256C752C25752C2517
:10922000752C25750D0A0000556C747261736F6E94
:109230006963517565756500426C7565746F6F740F
:1092400068436F6D6D616E645175657565000000F2
:10925000426C7565746F6F74685278517565756589
:109260000000000054656C656D6574727951756518
:1092700075650000556C747261736F6E696354613B
:10928000736B0000426C7565746F6F746854617322
:109290006B000000436F6E74726F6C5461736B00EF
:1092A00054656C656D657472795461736B00000070
:1092B000556172743154784D757465780000000002
:1092C000E092000800000020CC0000006C010008C3
:1092D000AC930008CC0000207C4900008801000805
:1092E000000000000000000000000000000000007E
:1092F000000000000000000000000000000000006E
:10930000000000000000000000000000000000005D
:10931000000000000000000000000000010000004C
:10932000100000000000000000127A0000000000A1
:10933000000000000000000000000000000000002D
:10934000000000000000000000000000000000001D
:10935000000000000000000000000000000000000D
:1093600000000000000000000000000000000000FD
:1093700000000000000000000000000000000000ED
:1093800000000000000000000000000000000000DD
:1093900000000000000000000000000000000000CD
:0C93A00000000000AAAAAAAA0000000019
:0400000508000131BD
:00000001FF
