:020000040800F2
:10000000B0210020850200080F3200085D2800089A
:100010000D320008951700089B370008000000000B
:10002000000000000000000000000000ED010008DA
:100030009717000800000000310200081133000883
:100040009F0200089F0200089F0200089F0200080C
:100050009F0200089F0200089F0200089F020008FC
:100060009F0200089F0200089F0200089F020008EC
:100070009F0200089F0200089F0200089F020008DC
:100080009F0200089F0200089F0200089F020008CC
:100090009F0200089F0200089F0200089F020008BC
:1000A0009F0200089F0200089F0200089F020008AC
:1000B0009F0200089F0200089F0200089F0200089C
:1000C0009F0200089F0200089F0200089F0200088C
:1000D0009F0200089F0200089F0200089F0200087C
:1000E0009F0200089F0200089F0200089F0200086C
:1000F0009F0200089F0200089F0200089F0200085C
:100100009F0200089F0200089F0200089F0200084B
:100110009F0200089F0200089F0200088D3300081C
:100120009F0200089F0200089F0200089F0200082B
:1001300000F002F800F04AF80AA090E8000C8244AF
:100140008344AAF10107DA4501D100F03FF8AFF28C
:10015000090EBAE80F0013F0010F18BFFB1A43F0A5
:100160000103184784940000A4940000103A24BFAF
:1001700078C878C1FAD8520724BF30C830C144BF0C
:1001800004680C607047000000230024002500264E
:10019000103A28BF78C1FBD8520728BF30C148BFEA
:1001A0000B607047662908F01282642900F0E48031
:1001B000002070471FB500F097FD040000200021CB
:1001C00007F094F9E0601FBD10B510BD00F0ACFE63
:1001D0001146FFF7EFFF04F0AFFE00F0CAFE03B4D4
:1001E000FFF7F2FF03BC03F06CFB0000224B196821
:1001F0000868B0E8F00F80F30988BFF36F8F4FF005
:10020000000080F311884EF00D0E704700000000D2
:1002100006480068006880F3088862B661B6BFF3DC
:100220004F8FBFF36F8F00DF00BF00BF08ED00E00E
:10023000EFF30980BFF36F8F0F4B1A6820E9F00FBF
:10024000106008B54FF0500080F31188BFF34F8F56
:10025000BFF36F8F06F042FC4FF0000080F311886F
:10026000BDE8084019680868B0E8F00F80F3098815
:10027000BFF36F8F704700BF20000020EFF30580B1
:10028000704700000948804709480047FEE7FEE73D
:10029000FEE7FEE7FEE7FEE7FEE7FEE7FEE7FEE736
:1002A00004480549054A064B704700008933000899
:1002B00031010008B01B0020B0210020B01D00203B
:1002C000B01D0020704710B54C1084EA530404D5CB
:1002D0004042C1F1000138BF491E1B4204D55242C1
:1002E000C3F1000338BF5B1E00F0ADF914F0804F7E
:1002F00004D04042C1F1000138BF491E14F0004F44
:1003000004D05242C3F1000338BF5B1E10BD000091
:100310000FB4044910B503AA029800F07FFC10BC8A
:100320005DF814FB0C00002070B504468569006878
:10033000C10601D5302600E02026C00707D070BDD9
:10034000D4E9012130469047206A401C20626D1E8E
:10035000F6D570BD70B5044685690078C00707D131
:1003600070BDD4E9012120209047206A401C206202
:100370006D1EF6D570BD00002DE9F0410646002443
:1003800010687529314616A510D0AFF300800028FB
:1003900002DA404213A507E031688A0701D512A5A9
:1003A00002E0490704D511A5012401E0AFF3008064
:1003B00000210A2206F1240709E0B0FBF2FCB0FBA1
:1003C000F2F302FB1C00303078541846491C002818
:1003D000F3D123462A463046BDE8F04100F0B5B9D6
:1003E000000000002D0000002B0000002000000095
:1003F0002DE9F0474FF0000A89460446C0F820A0D6
:100400002046E1688847002876D0252806D0D4E920
:1004100001219047206A401C2062F1E7E1682046F4
:1004200000258847C4F81CA006460027C4F818A079
:100430002A2E09D0304603F03DFA38B304EB870882
:10044000303EC8F8186019E059F8041B204604EB48
:1004500087029161E1688847012F064618D1E0695B
:10046000002820DA25F020051DE0D8F8180000EB60
:10047000800006EB40003038C8F818002046E168DC
:100480008847064603F016FA0028EED1012F0AD05D
:100490002E2E08D12046E16888477F1C0646022F91
:1004A00045F02005C4DBA069002803DA404245F08E
:1004B0000105A061E80701D025F01005B6B1A6F14D
:1004C0004100192802D8203645F400654A463146D5
:1004D000204625604D46FFF765FE58B1012806D03D
:1004E000ED1D25F0070000F1080989E704E005F19A
:1004F000040985E730468AE7206ABDE8F08740EACC
:10050000010310B59B070FD1042A0DD310C808C9E9
:10051000121F9C42F8D020BA19BA884201D9012092
:1005200010BD4FF0FF3010BD1AB1D30703D0521CDD
:1005300007E0002010BD10F8013B11F8014B1B1B18
:1005400007D110F8013B11F8014B1B1B01D1921E82
:10055000F1D1184610BD032A40F2308010F0030C90
:1005600000F0158011F8013BBCF1020F624498BF06
:1005700011F801CB00F8013B38BF11F8013BA2F1A3
:10058000040298BF00F801CB38BF00F8013B11F01E
:10059000030300F05583083AC0F0088051F8043B8B
:1005A000083A51F804CBA0E80810F5E7121D5CBF2B
:1005B00051F8043B40F8043BAFF30080D20724BF5E
:1005C00011F8013B11F801CB48BF11F8012B24BFF2
:1005D00000F8013B00F801CB48BF00F8012B704741
:1005E00002F0FF0343EA032242EA024200F05CBB4E
:1005F0004FF0000200B5134694469646203922BFBC
:10060000A0E80C50A0E80C50B1F12001BFF4F7AF06
:10061000090728BFA0E80C5048BF0CC05DF804EBE8
:10062000890028BF40F8042B08BF704748BF20F856
:10063000022B11F0804F18BF00F8012B7047704754
:1006400070477047704753EA020C00F069802DE94B
:10065000F04B4FF00006002B1FBFB3FA83F503FAEF
:1006600005F424FA05F65E4012BF1643B2FA82F58D
:1006700002FA05F4C5F120051EBF22FA05FC44EA82
:100680000C04203556EA044C4FEA144418BF641C8D
:100690004FF000084FF00009904271EB030C39D382
:1006A000002919BFB1FA81F701FA07F6B0FA80F70D
:1006B00000FA07F6C7F120071EBF20FA07FC46EA3A
:1006C0000C062037B6FBF4FCA7EB0507103F07F03C
:1006D0001F0BCBF120060CFA0BFB2CFA06F644BFDD
:1006E000B3460026202FA4BF5E464FF0000B5BEA06
:1006F000060C08BF4FF0010B19EB0B09ABFB027C9A
:1007000048EB0608C01B06FB02CC0BFB03CC71EBCD
:100710000C01C1E70B46024641464846BDE8F08B56
:1007200013B54FF000004FF00001AFF30080BDE8BB
:100730001C40704710B500F0DBFA006810BD10B522
:10074000044600F0D5FA046010BD2DE9F0470D46CF
:1007500099469246044600F124080168880604D5AB
:10076000E06921F01001216000E00120A84201DDD4
:10077000471B00E00027A1697A1902EB0900081A5B
:10078000A0612078C00602D42046FFF7CDFD0026E8
:1007900008E0D4E901211AF806009047206A401CBD
:1007A000761C20624E45F4DB2078C0060AD5204630
:1007B000FFF7BAFD06E0D4E9012130209047206A16
:1007C000401C2062381EA7F10107F4DC07E0D4E9E1
:1007D000012118F805009047206A401C2062281E5D
:1007E000A5F10105F3DC2046FFF7B4FD20780006F3
:1007F00002D50220BDE8F0870120FBE770472DE914
:10080000FF4F0C461E464FF0FF378BB0D2E9000178
:10081000DDF860800A908A46C1F30A5505B93D4665
:10082000002108464FF00000BAF1000F00F440002C
:1008300005DA00EB80004FF4400101EA50004FEA76
:100840009059B9F1010F00DDB9460A9850EA4A0003
:100850000ED044F61050A5F2FF3545432F14B8F1E1
:10086000000F1ED07542291E1EDDC9F100021CE0DA
:10087000B8F1010F4FF0000001D0302103E0F24346
:1008800005E02154401CB042FBDB30460022002131
:1008900021540B99C1F80880C1E900200FB0BDE8D0
:1008A000F08FBD1B6D1CDEE74A4600DA694206A8E0
:1008B00000F0C0FA06AB93E8070003AB83E807003B
:1008C00050460A9900F09EFB8DE80700A0F5005005
:1008D0001F3800900398002D0ADD42F21F014A469E
:1008E0000844002303A90390684600F007FE09E0CE
:1008F000A0F500504A461F38002303A9039068461C
:1009000000F011FE8DE807000004000C03D04FF04A
:10091000FF30410800E01046B8F1000F03D000227C
:10092000009215461EE0751E05D400F0E5F9303240
:1009300062556D1EF9D5B3460122084302D000224C
:100940007F1C04E02078302801D100227F1E002A7D
:10095000099784D01DE0112D07DA00F0CDF930326F
:1009600062556D1C50EA0102F5D1084302D000988F
:10097000C8B10EE00021681E05E0235C625C635490
:100980002254401E491C8142F7DBAB46A81B401E87
:100990000990002004F80B000B98099AC0F8088011
:1009A000C0E9002B7AE711264FF0000857E72DE940
:1009B000F04F88460446D21D22F0070191B0D1E9DC
:1009C0000001CDE90A0102F0E9FE02460B98C00FD2
:1009D00001D02D2007E02068810701D52B2002E0FF
:1009E000202101EAC000032A099001D0072A05DB73
:1009F00003464146204600F0DDF90BE120788006F1
:100A000001D5E06900E00620B8F1650F814606D007
:100A1000B8F1660F18D0B8F1670F70D131E000203F
:100A2000B9F1110F009001DB112301E009F101037D
:100A30000AAA01A90CA8FFF7E2FEDDE90C70002666
:100A400009F10105834647E001204B4600904FF035
:100A500000470AAA01A90CA8FFF7D1FEDDE90DB0F5
:100A60000C995D46002610B909F101000D18B9EB8B
:100A7000050003D4C0F1FF3609F10105A5EB09001B
:100A80002BE0B9F1010F01DA4FF001090020B9F1B3
:100A9000110F0090484601DD112300E003460AAA29
:100AA00001A90CA8FFF7ABFEDDE90C704D4600264E
:100AB0008346207800070AD4AB4500DA5D4601A8DA
:100AC000012D04DD411911F8011C302907D04F45D3
:100AD00002DA17F1040F04DA012082460FE06D1EDE
:100AE000EEE7002F02DCED1B3E4403E0781CA84239
:100AF00000DD7D1CB81B00F1010A4FF00047207893
:100B0000000703D4AA4501DB4FF0FF3A0021B7F1FB
:100B1000004F0DF143088DF8431024D002202B2301
:100B2000002F01DA7F422D230A21021EA0F10100CD
:100B300000DC5FB197FBF1FC97FBF1F201FB1C7C41
:100B400017460CF1300C08F801CDEEE7A8F10100D2
:100B500003702188090501D5452100E06521A0F138
:100B6000010800F8011C09980FA9A1EB0807FF1D57
:100B700000B10120411901EBEA70A1693844081A5B
:100B8000401EA0612078C00602D42046FFF7CCFBAF
:100B9000099828B1D4E901219047206A401C2062BD
:100BA0002078C00622D52046FFF7BEFB1EE0002EAF
:100BB00004DBB34502DD01A8805D00E03020D4E90C
:100BC00001219047206A401C2062761CAAF1010096
:100BD0005FEA000A0AD100F087F8C0680168405C4B
:100BE000D4E901219047206A401C2062281EA5F10B
:100BF0000105DCDC07E0D4E9012118F8010B90477E
:100C0000206A401C2062381EA7F10107F3DC204651
:100C1000FFF7A0FB032011B041E60000074B70B5C1
:100C20000D467B4400F0B3F80446284600F074F902
:100C300010B14FF0FF3070BD204670BD9B3C0000EE
:100C400010B5203AC0F00B80B1E81850203AA0E867
:100C50001850B1E81850A0E81850BFF4F5AF5FEA9B
:100C6000027C24BFB1E81850A0E8185044BF18C94E
:100C700018C0BDE810405FEA827C24BF51F8043BF5
:100C800040F8043B08BF7047D20728BF31F8023B49
:100C900048BF11F8012B28BF20F8023B48BF00F8DD
:100CA000012B70474FF000020429C0F0128010F0B1
:100CB000030C3FF49FACCCF1040CBCF1020F18BF45
:100CC00000F8012BA8BF20F8022BA1EB0C01FFF7C5
:100CD00091BC5FEAC17C24BF00F8012B00F8012B16
:100CE00048BF00F8012B7047004870476C1B00207C
:100CF000004870474C1B002030B5B0F10A024FEAA3
:100D0000900E71F100034EEA817EB0EB0E0061EBB4
:100D100091014FEA101E4EEA017E10EB0E0041EBEE
:100D200011114FEA102E4EEA016E10EB0E0041EB4E
:100D300011214FEA104E4EEA014E10EB0E0041EB2E
:100D40001141401841F100014FEAD00040EA4170E2
:100D50004FEAD10110EB80054FEA810444EA907418
:100D600044EB01046D1944EB0404521BA3414FF002
:100D7000000348BF0A3200D530BD401C41F10001DC
:100D800030BD000001694A1C02610878704700B557
:100D90008FB0CDE901310021059105497944CDE9B4
:100DA000031011466846FFF723FB0FB000BD00009B
:100DB000E5FFFFFF2DE9F0411F46044603260168C9
:100DC000072A01F4006004DB08B116A505E016A5AA
:100DD00003E008B115A500E015A521F01000206082
:100DE000A069C01EA0610FB1401EA0612046FFF7A0
:100DF0009BFA4FB1D4E9012138469047206A401C44
:100E00002062C01C206206E0206AFAE7D4E90121D2
:100E100015F8010B9047761EF8D22046FFF79AFA94
:100E2000BDE8F0814E414E006E616E00494E4600B5
:100E3000696E66002DE9F047814616468AB035484E
:100E400078440DC88DE80D0032487844801C03AC0E
:100E50000DC884E80D0041F69B300844372190FB13
:100E6000F1F290FBF1F5A5F1800501FB12041B3CAA
:100E700002D56442012000E00020DFF898A08046FF
:100E80000027FA44AAF1BE0A0EE0E0070AD0324673
:100E9000684607EB470101230AEB810100F043FBA1
:100EA0008DE8070064107F1C002CEED1194F7F44A1
:100EB000AE3F19E0E80715D007EB04100DF1180A52
:100EC00090E80E008AE80E00C068F04201D198193F
:100ED00008903246012306A903A800F024FB03ABC7
:100EE00083E807006D10641C002DE3D14FF001036F
:100EF00032466946B8F1000F03A802D000F0FEFAAE
:100F000001E000F010FBC9E90001C9F808200AB0AF
:100F1000BDE8F08718870000007B00F08000704774
:100F2000004870474C1B00207546FFF7F9FFAE469E
:100F300005006946534620F00700854618B020B5E5
:100F4000FFF7AEF9BDE820404FF000064FF0000774
:100F50004FF000084FF0000B21F00701AC46ACE861
:100F6000C009ACE8C009ACE8C009ACE8C0098D46CE
:100F7000704710B50446AFF300802046BDE810402E
:100F8000FFF72DB94FF0013C50F8042B51F8043B0A
:100F90009A4221D1A2EB0C03934313EACC1317D14D
:100FA00050F8042B51F8043B9A4215D1A2EB0C03E4
:100FB000934313EACC130BD150F8042B51F8043BA4
:100FC0009A4209D1A2EB0C03934313EACC13DBD072
:100FD0004FF00000704700BFD01A01BAB1FA81F19A
:100FE00001F0180122FA01F0CB40C1F12001DBB27F
:100FF000C0B2C01A2CFA01F3D11A914311EAC311FD
:10100000E6D170475FEA400C08BF91F0000F4FEA4D
:101010008C234FEAC12243EA51514FEA1C5018BFBA
:1010200000F5F0404FEA300018BF41F000415FEAA0
:101030006C5C00F02980BCF1FF3F08BF40F08040AD
:101040007047130C06BF12044FF0100C4FF0000C49
:10105000130E04BF12020CF1080C130F04BF12018F
:101060000CF1040C930F04BF92000CF1020CD30F8F
:1010700004BF52000CF1010C11464FF00002A0F128
:101080001F00A0EB0C00704711F0004F08BF704725
:1010900031F000413FF4D5AF0B0C06BF09044FF00F
:1010A000100C4FF0000C0B0E04BF09020CF1080CE1
:1010B0000B0F04BF09010CF1040C8B0F04BF890056
:1010C0000CF1020CCB0F04BF49000CF1010CCCF168
:1010D0002003A0EB0C0022FA03F302FA0CF241EA1F
:1010E000030100F10100704720F07F4C80EA03000B
:1010F00023F07F47ACEB070303F57C5300F000407F
:1011000003F1FF032DE980494FEA154B09B44FEA7B
:10111000144325EA0B4E24EA03480FF2042606EB9B
:10112000132749083E785FEA320203FB0667C7F5DA
:10113000000707FB06F64FEA54374FEAD64606F19A
:10114000020607FB066CCCF1005C4FEA1C472CEA58
:10115000074C07FB06F40CFB06F504EB15464FEABB
:10116000961634BF00204FF000404FEAD13706FBFF
:1011700007FC4FEA1C4C0CFB0BF7D21B03FB0CF7D4
:1011800061EB07010CFB0EF7B0EB074072EB174267
:101190000CFB08F734BFA2EB0742B2EB074261EB4E
:1011A00017414FEA0C444FEA910706FB07FC4FEA50
:1011B0001C4C0CFB0BF7B0EBC74072EB573203FB38
:1011C0000CF734BFA2EBC742B2EBC74261EB573119
:1011D0000CFB0EF7B0EBC70072EB57720CFB08F775
:1011E00034BFA2EBC702B2EBC70261EB5771039F9A
:1011F0004FEA816141EA921104EBCC044FEAD13706
:101200004FEA826206FB07FC42EA90124FEA8060D6
:101210004FEA1C4C0CFB0BF7D21B03FB0CF761EBEA
:1012200007010CFB0EF7B0EB074072EB17420CFB0B
:1012300008F734BFA2EB0742B2EB074261EB17415C
:101240004FEA8C554FEA910704EB9C2406FB07FC00
:101250004FEA1C4C0CFB0BF7B0EBC74072EB57325C
:1012600003FB0CF734BFA2EBC742B2EBC74261EB02
:1012700057310CFB0EF7B0EBC70072EB57720CFB4B
:1012800008F734BFA2EBC702B2EBC70261EB57719C
:1012900015EB4C254FEA816141EA92114FEA8262D7
:1012A0004FEAD13742EA901206FB07FC44F10004F2
:1012B0004FEA80604FEA1C4C0CFB0BF7D21B03FB80
:1012C0000CF761EB07010CFB0EF7B0EB074072EB7C
:1012D00017420CFB08F734BFA2EB0742B2EB074200
:1012E00061EB174115EB1C154FEA813141EA924140
:1012F0004FEA823242EA90424FEA80304FEA0C765F
:1013000044F1000448EA03434EEA0B484FF0000E54
:10131000B2EB080C71EB030724BF624639464EEB73
:101320000E0E4FF0000B0018524149414BEB0B0BD6
:10133000B2EB080C71EB03077BF1000B24BF624694
:1013400039464EEB0E0E4FF0000B0018524149414A
:101350004BEB0B0BB2EB080C71EB03077BF1000BB3
:1013600024BF624639464EEB0E0E51EA020718BF03
:1013700046F0010616EB0E7655F1000254F100011D
:1013800003D5BDE88901BDE80088BDE88901BDE855
:101390000048B619524141EB0101A3F10103704726
:1013A00080807F7E7D7C7B7A7978777676757473A2
:1013B000727171706F6E6E6D6C6C6B6A6A69686861
:1013C000676666656464636362616160605F5F5EF7
:1013D0005E5D5D5C5C5B5B5A5A595958585757566D
:1013E00056555555545453535252525151505050D2
:1013F0004F4F4F4E4E4D4D4D4C4C4C4B4B4B4A4A24
:101400004A49494948484847474747464646454567
:1014100045444444444343434342424242414141A0
:10142000002B9C4630D477002BD01CB54FEA3707F1
:1014300003B44FF010004FF01001BAF1000F06D0C6
:10144000BCF1000FDCBF40F0080040F008014FF095
:1014500000000FBCBDE810400BF1010BBBF1010F08
:1014600008BF5FEA170722BF12F1010211F1010163
:101470004FF0004143F1000300F0004043EA000058
:101480007047F9D35708D0E746EA064613F1400FF4
:101490004FEA16461FDD13F1200FDFBF16430A4641
:1014A000002120335B42BED0C3F1200746EA064646
:1014B00002FA07F74FEA164646EA0706C3F1200785
:1014C00022FA03F201FA07F721FA03F14FF00003C1
:1014D00042EA0702A7E746EA020646EA06464FEA5C
:1014E000164646EA0106BCBF46EA0646360C4FF0F1
:1014F00000034FF000024FF0000194E72DE9804C0B
:101500009A46934670B491E8380007C831EA400C17
:1015100048BF34EA430C03D5FFF7E6FDFFF780FF31
:10152000F0BCBDE8008C2DE9804C9A46934670B41F
:1015300091E8380007C810F0804F08BF13F0804FC3
:1015400003D100F005F8FFF76BFFF0BCBDE8008C9D
:1015500020F07F4780EA030023F07F4C07EB0C0369
:10156000A3F57C5300F00040A3F1FE0392F0000FBE
:1015700000F0B38095F0000F00F077802DE901496D
:101580004FEA11404FEA144621EA004800FB06FCEE
:1015900024EA064708FB06F607FB08F800FB07F7F6
:1015A00018EB06484CEB164C4FEA124B18EB074869
:1015B0004FEA15464CEB174022EA0B4E0BFB06FC9C
:1015C00025EA06470EFB06F607FB0EFE0BFB07F7A8
:1015D0001EEB064E4CEB164C4FF000061EEB074E72
:1015E0004CEB174B18EB0B0840F1000018EB0E0BFF
:1015F00058EB000840F100008F1A4FF000013CBF8B
:10160000C943661B14BFB5EB040C00213CBFC943A2
:10161000F61B4FEA17444EEA8E0E27EA04454FEABE
:101620001C4704FB07622CEA074C05FB07F70CFB81
:1016300005F604FB0CFC16EB074642EB174216EBD3
:101640000C4642EB1C421BEB060658EB02024141E2
:1016500046EA9E0601D5BDE80189B619524141EB23
:101660000101A3F10103BDE801894FEA14454FEAE6
:10167000114724EA054621EA074C05FB07F406FB5F
:1016800007F70CFB06F105FB0CFC11EB074144EBE3
:1016900017444FEA124711EB0C4144EB1C4422EA79
:1016A000074C05FB07F206FB07F70CFB06F605FBEC
:1016B0000CFC16EB074642EB174216EB0C4642EBCE
:1016C0001C456A1854F1000148BF7047B6195241D1
:1016D00041EB0101A3F10103704795F0000F37D0F2
:1016E0004FEA11424FEA144721EA024624EA074C26
:1016F00002FB07F106FB07F70CFB06F402FB0CFCF0
:1017000014EB074441EB17414FEA154714EB0C4427
:1017100041EB1C4125EA074C02FB07F506FB07F7E6
:101720000CFB06F602FB0CFC16EB074645EB1745D7
:1017300016EB0C4645EB1C42121951F1000148BF53
:101740007047B619524141EB0101A3F10103704703
:101750004FEA14454FEA114724EA054621EA074CAF
:1017600005FB07F106FB07F70CFB06F24FF000063E
:1017700005FB0CFC12EB074241EB174112EB0C424C
:1017800051EB1C4148BF7047921841EB0101A3F196
:1017900001037047FEE7704772B6FEE770B5044676
:1017A00000F014F90546601C02D004480078044497
:1017B00000F00CF9401BA042FAD370BD10000020CD
:1017C0002DE9F84FDFF8C8910024A9F1040B234656
:1017D0000F2709F1040AABF1040ED1E00125A54061
:1017E00006EA0502AA4276D1DFF8A8C14E68A6EB48
:1017F0000C0866452BD00DDC032E34D005DC36B347
:10180000012E19D0022E2FD11BE0112E16D0122E30
:101810002AD119E0B8F5881F19D006DCB8F5803F49
:1018200015D0B8F5801F1FD111E0B8F5001F0ED0FC
:10183000B8F5041F18D10AE0CB6815E0CB681B1D72
:1018400012E0CB6808330FE0CB680C330CE08B68F8
:101850002BB1012B4FF0080303D0456104E00423B2
:1018600002E0056100E00023FF2A01D8064601E0FE
:1018700000F104064FEA840501D9A5F12005D6F848
:10188000008007FA05FC28EA0C0803FA05F548EA87
:101890000508C6F800804D68ED0070D53E4DAE6974
:1018A00046F00106AE61AD6924F0030605F00105BE
:1018B00000953A4D06EB050CDCF80850A607360FEC
:1018C00007FA06F825EA0805DFF8D480404503D179
:1018D0004FF0000825E052E0DFF8C880404502D113
:1018E0004FF001081DE0DFF8C080404502D14FF005
:1018F000020816E0DFF8B480404502D14FF003083B
:101900000FE0DFF8AC80404502D14FF0040808E05A
:10191000DFF8A080404502D14FF0050801E04FF00C
:10192000060808FA06F848EA0508CCF808804D6869
:10193000D9F80060ED024D4601D5164300E096430C
:101940002E604D68DAF80060AD02554601D51643A9
:1019500000E096432E604D68DBF80060AD035D4605
:1019600001D5164300E096432E604D68DEF8006016
:10197000ED03754601D5164300E096432E60641CC6
:101980000A681646E2407FF429AFBDE8F88F0000F0
:101990000804014000001110001002400000014046
:1019A00000080140000C01400010014000140140FB
:1019B00000180140001C01408068084000D0012050
:1019C00070470AB1016170470904FBE7014880686C
:1019D000704700001000002002488168027811441E
:1019E0008160704710000020074810B5016841F081
:1019F00010010160032000F0A7F80F2000F006F8A6
:101A000000F050F8002010BD0020024030B505461F
:101A10001F4887B0C16941F02001C161C06906A9B2
:101A200000F02000009001A800F036F90498B0B151
:101A300000F052F940001749174AB0FBF1F117487E
:101A4000491E0260416040F2E7320021C0E90321F3
:101A50008160816100F056FB040003D015E000F0C6
:101A60003BF9E8E70D4800F08FFB04000DD137206B
:101A700000F03CF8102D07D200222946372000F054
:101A800043F80748056000E0012407B0204630BD58
:101A90000010024040420F000014004020020020CD
:101AA000140000200F4808B5816941F001018161EF
:101AB000816901F001010091C16941F08051C1616A
:101AC000C069002200F0805000900F21901E00F0AD
:101AD0001BF80548416821F0E06141F00071416068
:101AE00008BD00000010024000000140002809DB92
:101AF00000F01F02012191404009800000F1E02028
:101B0000C0F8001170470000F0B40E4B1B680C4683
:101B1000C3F30223C3F10705042D00D90425191DC1
:101B2000072901D2002300E0DB1E012606FA05F199
:101B3000491E214099409E40761E16403143F0BC1C
:101B400001F040BE0CED00E0064900F00702086815
:101B50004FF6FF03184040EA0220034A1043086092
:101B6000704700000CED00E00000FA052DE9F04799
:101B70000F46050061D0434E306800F00700B842C0
:101B800009D2306820F0070038433060306800F038
:101B90000700B84251D128683B4C810712D5400755
:101BA00003D5606840F4E06060602878000703D5E2
:101BB000606840F4605060606068A96820F0F000E0
:101BC000084360602878C00728D06868012810D0D2
:101BD0002168022810D0890700292EDA616821F0D7
:101BE000030101436160FFF7F1FE804641F288394D
:101BF0000DE021688903EFE78901EDE7FFF7E6FED5
:101C0000A0EB0801494502D90320BDE8F0876068D0
:101C1000696800F00C00B0EB810FEFD1306800F084
:101C20000700B8420BD9306820F007003843306015
:101C3000306800F00700B84201D00120E5E72878BD
:101C4000400705D56068E96820F4E06008436060FB
:101C50002878000706D56068296920F4605040EABA
:101C6000C100606000F058F86168084AC1F30311D0
:101C7000515CC8400649086006480068FFF7C6FE88
:101C80000020C2E700200240001002408E870008BA
:101C90001C000020140000200F2202600C4A536830
:101CA00003F003034360536803F0F0038360536859
:101CB00003F4E063C36052684FF4E06303EAD202C6
:101CC00002610448006800F00700086070470000E7
:101CD000001002400020024004480549006849689D
:101CE000044AC1F30221515CC84070471C00002027
:101CF000001002409E8700080448054900684968B2
:101D0000044AC1F3C221515CC84070471C00002046
:101D1000001002409E8700080E4A51680E4801F0EC
:101D20000C03042B11D0082B0FD10C48C1F38343B3
:101D3000C903C05C0AD55168084AC1F34041921EEC
:101D4000515C054A5043B0FBF1F0704704494843E9
:101D5000704700000010024000127A007E870008E1
:101D600000093D002DE9F84F040070D02078C04DE7
:101D7000C00749D06868C0F38100012807D06868AF
:101D8000C0F38100022809D16868C00306D528681D
:101D9000800339D560680028E7D035E06068B0F589
:101DA000803F0BD010B1B0F5A02F11D0286820F4DF
:101DB00080302860286820F4802002E0286840F401
:101DC00080302860606890B1FFF700FE06460AE0A8
:101DD000286840F480202860F0E700BFFFF7F6FD98
:101DE000801B642873D828688003F7D50CE0FFF7C0
:101DF000EDFD064605E000BFFFF7E8FD801B642807
:101E0000F0D828688003F7D420789A4E80074FF0E6
:101E100001094FF0000839D5686810F00C0F07D0A1
:101E20006868C0F38100022809D16868C00306D43D
:101E30002868800714D52069012808D110E020699E
:101E4000B0B1C6F80090FFF7C1FD074605E00AE112
:101E5000FFF7BCFDC01B0228C4D828688007F7D54F
:101E60002868616920F0F80040EAC10028600DE0B0
:101E7000C6F80080FFF7AAFD074604E0FFF7A6FDBD
:101E8000C01B022823D828688007F7D420780007D1
:101E90002CD57948A169D9B1C0F80090FFF796FD1B
:101EA000074604E0FFF792FDC01B02280FD8686ABE
:101EB0008007F7D571484FF4FA510068B0FBF1F094
:101EC000009000BF0098411E0091FAD20EE080E021
:101ED000C0F80080FFF77AFD074604E0FFF776FDC3
:101EE000C01B022875D8686A8007F7D4207840079D
:101EF00060D5E8690027C00008D4E86940F0805048
:101F0000E861E869012700F0805000905C480168B2
:101F1000C90513D40168834641F480710160FFF75D
:101F200055FD824606E000BFFFF750FDA0EB0A001A
:101F300064284ED8DBF80000C005F5D5E06801281C
:101F40000AD008B1052813D0286A20F001002862C1
:101F5000286A20F0040002E0286A40F001002862AC
:101F6000E06841F2883B98B1FFF730FD82460BE014
:101F7000286A40F004002862EEE700BFFFF726FD64
:101F8000A0EB0A0159455AD8286A8007F6D50CE01B
:101F9000FFF71CFD824605E0FFF718FDA0EB0A01E4
:101FA00059454CD8286A8007F6D41FB1E86920F05B
:101FB0008050E861E06988B36968C1F38101022952
:101FC00044D00228C6F8608004D0FFF7FFFC044626
:101FD00038E034E0FFF7FAFC074604E0FFF7F6FCD0
:101FE000C01B02282BD828688001F7D4206AB0F5DE
:101FF000803F05D16868A16820F40030084368601C
:10200000D4E908010843696821F474110843686041
:10201000C6F86090FFF7DAFC044606E025E000BF52
:10202000FFF7D4FC001B022809D828688001F7D5E7
:102030001BE000BFFFF7CAFC001B022802D90320E7
:10204000BDE8F88F28688001F4D40EE00128F7D0AD
:102050006868226A00F48031914204D1616A00F418
:102060007010884201D00120EAE70020E8E7000074
:102070000010024000004242800442421C00002046
:10208000007000407047704770B590F83C20012AFE
:102090002CD0012480F83C40022280F83D200368C7
:1020A0005A689D6822F070060A6832435A60104BE5
:1020B00002689A420ED00F4B9A420BD0B2F1804F79
:1020C00008D00D4B9A4205D00C4B9A4202D00C4BD3
:1020D0009A4204D1496825F080031943916080F841
:1020E0003D40002180F83C10084670BD022070BDC4
:1020F000002C014000340140000400400008004072
:10210000000C004010B5040003D094F83D0010B15D
:1021100007E0012010BD002084F83C00204600F0BC
:102120001FF8022084F83D00211D206801F034F9D9
:10213000012084F8460084F83E0084F83F0084F8CB
:10214000400084F8410084F8420084F8430084F899
:10215000440084F8450084F83D00002010BD0000D4
:1021600008B500680649884208D10648C16941F0AF
:102170000201C161C06900F00200009008BD0000CA
:10218000000400400010024090F83D10012901D0E9
:1021900001207047022180F83D100168CA6842F0B2
:1021A0000102CA6000680E4988420ED00D4988427B
:1021B0000BD0B0F1804F08D00B49884205D00B49B5
:1021C000884202D00A49884204D1816801F007019F
:1021D000062903D0016841F0010101600020704729
:1021E000002C014000340140000400400008004081
:1021F000000C004070B5044690F83C000025012812
:1022000017D0012684F83C60022084F83D00206845
:10221000826822F0770222F47F42826008685028A8
:1022200038D00DDC20284FD005DC90B3102811D118
:102230004AE0022070BD302846D040280AD13BE059
:1022400060282FD070280DD0B0F5805F03D0B0F596
:10225000005F12D0012584F83D60002084F83C0026
:10226000284670BDCB68D1E90121206801F0E2F871
:102270002068816841F0770109E0CB68D1E901214C
:10228000206801F0D7F82068816841F480418160BE
:10229000E1E719E0CA684968206801F09FF9502118
:1022A000206806E0CA684968206801F0A8F9602142
:1022B000206801F0C9F8CEE7CA684968206801F0D3
:1022C0008DF940212068F4E7226801461046F0E7C6
:1022D0002DE9F0410D46040003D094F83D0018B1FB
:1022E00008E00120BDE8F081002084F83C00204691
:1022F00000F040F8022084F83D002068816844F234
:10230000070291438160211D206801F045F8226891
:1023100090689169166A2B68AF69034340F20330F5
:10232000814341EA0721A868EF6908434FF6FC4161
:102330008843E96840EA0720014328692F6A0001C1
:1023400040EA0730084369686D6926F0220646EACC
:102350000515294393602268906154F8460B016289
:10236000012004F81F09E0752076E0762077A0753B
:102370000020B7E700B585B00021009101910291DE
:1023800003911A4B02681A48C0219A4213D1C269BC
:1023900042F00402C261C26902F00402049282693E
:1023A00042F0080282618069009100F00800049008
:1023B0006946104815E0104B9A4214D1826942F4E4
:1023C00000528261826902F400520492826942F0F2
:1023D000100282618069009100F01000049069464B
:1023E0000648FFF7EDF905B000BD00000008004009
:1023F00000100240000C0140003401400010014078
:1024000070472DE9F04104460068C66805694FF041
:102410000007A90713D5B10711D5F91E01610120E5
:102420002077206880698007204602D0FFF7E8FF08
:1024300004E000F0B7F8204600F049F92777680774
:1024400016D5700714D521686FF0040008610220CA
:1024500020772068806910F4407F204602D0FFF783
:10246000CFFF04E000F09EF8204600F030F9277717
:10247000280715D5300713D521686FF008000861CB
:10248000042020772068C0698007204602D0FFF72B
:10249000B7FF04E000F086F8204600F018F927772F
:1024A000E80616D5F00614D521686FF01000086113
:1024B000082020772068C06910F4407F204602D0B1
:1024C000FFF79EFF04E000F06DF8204600F0FFF8F3
:1024D0002777E80708D0F00706D021686FF00100E1
:1024E0000861204600F0F4F8280608D5300606D525
:1024F00021686FF0800008612046FFF7C3FD680681
:1025000008D5700606D521686FF0400008612046A6
:1025100000F0E8F8A8060AD5B00608D521686FF0E3
:10252000200008612046BDE8F041FFF7ACBDBDE8E2
:10253000F081000010B586B0002100910191029158
:10254000039100681349884221D11348816941F001
:1025500004018161816901F004010491816941F004
:10256000080181618069022400F008000490C02005
:10257000CDE90004694609480394FFF721F90320D7
:10258000CDE90004694606480394FFF719F906B03F
:1025900010BD00000004004000100240000801408F
:1025A000000C0140704770B5044690F83C000026CE
:1025B0000D4601280FD0012084F83C006AB1042A9E
:1025C0001DD0082A2FD00C2A3FD00126002084F8E5
:1025D0003C00304670BD022070BD206800F03CFF1A
:1025E0002068816941F0080181612068816921F0DA
:1025F00004018161206881692A69114311E0206822
:1026000000F05AFF2068816941F40061816120680F
:10261000816921F480618161206881692A6941EAC8
:1026200002218161D2E7206800F07CFF2068C16947
:1026300041F00801C1612068C16921F00401C16154
:102640002068C1692A69114311E0206800F09EFFEB
:102650002068C16941F40061C1612068C16921F449
:102660008061C1612068C1692A6941EA0221C161B2
:10267000ACE710B5040003D094F83D0010B107E0BA
:10268000012010BD002084F83C00204600F01EF818
:10269000022084F83D00211D206800F07DFE01200D
:1026A00084F8460084F83E0084F83F0084F8400037
:1026B00084F8410084F8420084F8430084F8440020
:1026C00084F8450084F83D00002010BD7047704735
:1026D00000680349884201D1FFF77EB970470000C6
:1026E00000140040704770B5040004D094F8410015
:1026F000002510B106E0012070BD84F8405020464E
:1027000000F024F8242084F841002068C16821F4F6
:102710000051C160204600F0ABFF2068016921F440
:10272000904101612068416921F02A0141612068DE
:10273000C16841F40051C1606564202084F8410003
:1027400084F842006563002070BD000030B585B09C
:102750000024009401940294039400681449884270
:1027600024D11448816941F480418161816901F477
:1027700080410491816941F00401816180690E4DBD
:1027800000F0040004904FF40070009002200190CB
:102790000320039069462846FFF712F82815CDE973
:1027A0000004694628460294FFF70AF805B030BDD8
:1027B0000038014000100240000801402DE9F843B4
:1027C000044690F84100984616460D46202802D04F
:1027D0000220BDE8F88385B17EB10020606421202D
:1027E00084F84100FFF7F2F8A6848146E684A068E9
:1027F0002027B0F5805F02D003E00120E9E72069DF
:1028000010B12E4600250EE000260CE08021204667
:1028100000F08AFFA8B9C6B116F8010B216848601C
:10282000E08C401EE084E08C4B464FF00002CDF877
:1028300000800028EAD14FF04001204600F074FFEC
:1028400040B184F841700320C3E735F8020BC0F3B0
:102850000800E3E784F841700020BAE7FEE70000D3
:102860002DE9F041082405464FF40048E602134FD5
:1028700018E000BFFFF7A5F800F0A4F8280601D57E
:10288000012200E0002241463846FFF79AF8680628
:10289000050E00F097F8012231463846FFF791F80F
:1028A00000F090F8641EE4B24FF000023146384662
:1028B000E0D2BDE8F041FFF784B80000000C014011
:1028C00070B50122144DD40321462846FFF779F84C
:1028D000012291032846FFF774F800F073F82146AF
:1028E0002846FFF769F800280CD000222146284628
:1028F000FFF767F800F066F821462846FFF75CF816
:1029000008B1002070BD002221462846FFF759F883
:1029100000F058F8012070BD000C014070B5114D59
:102920004FF48044002221462846FFF74AF800F081
:1029300049F86600002231462846FFF742F800F0C9
:1029400041F8012221462846FFF73BF800F03AF80B
:10295000012231462846FFF734F8BDE8704000F008
:1029600031B80000000C014070B5154C4FF48045A3
:10297000002229462046FFF724F800F023F8012220
:10298000D60331462046FFF71CF800F01BF8012261
:1029900029462046FFF715F800F014F83146204686
:1029A000FFF70AF800284FF000022946204603D01E
:1029B000FFF707F8002070BDFFF703F8012070BD96
:1029C000000C014008B50A200090401E0090FCD188
:1029D00008BD00002DE9F04F8DB00CA906A8CDE987
:1029E00000010BAB07AA04A902A801F011FCBDF875
:1029F00018006F4CC0057DD5079805F07BFC6FF083
:102A00001D05294605F045FE0746E060089805F0DB
:102A100071FC294605F03DFE80462061099805F0CD
:102A200069FC294605F035FE064660610A9805F006
:102A300061FC294605F02DFE0546A06101213846BE
:102A400005F027FE314605F081FC06464FF0404771
:102A50003946404605F07AFC294605F077FC3146B8
:102A600005F0E2FA05F0B4FA00F06CFFDFF84491EB
:102A70004FF0663842464B4604F0D0FF04F04CFD60
:102A8000E06160690121054605F003FE82462946A2
:102A900005F05CFC054620693946074605F056FC02
:102AA000394605F053FC294605F01CFD4FF07E51D8
:102AB00005F0BAFA05F08CFA05460E460121E068E9
:102AC00005F0E7FD394605F041FC07465046A1698F
:102AD00005F03CFC394605F0A7FA05F079FA2A46DC
:102AE000334601F077F942464B4604F097FF04F075
:102AF00013FD00E040E02062A1690191084605F065
:102B000025FC616907460846009105F01FFC216914
:102B100006468B46584605F019FCE16805468A468C
:102B2000504605F013FC294605F07EFA314605F0C3
:102B3000D9FC394605F0D6FC05F04AFA05460E46A2
:102B40005046019905F002FC07465846009905F0E9
:102B5000FDFB394605F068FA012105F09AFD05F004
:102B600037FA2A46334601F035F942464B4604F01F
:102B700055FF04F0D1FC6062BDF9180010F0700F31
:102B800008D0BDF80810E180BDF80A102181BDF819
:102B90000C106181000708D5BDF810002080BDF839
:102BA00012006080BDF81400A0800DB0BDE8F08F69
:102BB000CC00002066A64C4070B502F0A1FA08B126
:102BC000002070BD2FA0FDF7A3FB782002F092FF3C
:102BD00008B135A04EE03FA0FDF79AFB782002F047
:102BE000C1F908B143A045E04EA0FDF791FB3220AA
:102BF00002F040FF08B154A03CE05CA0FDF788FB68
:102C000001F0FCFA08B163A034E071A0FDF780FB8D
:102C10007C48044602F06CF90546E01C02F068F9B5
:102C200045EAC005A01D02F063F945EA801080B2B4
:102C300001F0A2FC08B174A01CE07FA0FDF768FBC6
:102C400040F2731001F0B2F908B185A012E090A033
:102C5000FDF75EFB322001F0F7FB08B195A009E01B
:102C60009FA0FDF755FB03F097FC012002F028FE22
:102C700018B1A4A0FDF74CFBA2E7ADA0FDF748FBFF
:102C8000012070BD6D707520696E697469616C6931
:102C90007A6174696F6E20636F6D706C6574652EF8
:102CA0002E2E2E2E2E0A00006D70755F7365745FD8
:102CB00073656E736F7220636F6D65206163726FF1
:102CC0007373206572726F72202E2E2E2E2E2E0A96
:102CD000000000006D70755F7365745F73656E73DF
:102CE0006F7220636F6D706C657465202E2E2E2EB2
:102CF0002E2E0A006D70755F636F6E666967757260
:102D0000655F6669666F20636F6D65206163726FD2
:102D10007373206572726F72202E2E2E2E2E2E0A45
:102D2000000000006D70755F636F6E666967757295
:102D3000655F6669666F20636F6D706C6574652092
:102D40002E2E2E2E2E2E0A006D70755F7365745F09
:102D500073616D706C655F72617465206572726F0E
:102D600072202E2E2E2E2E2E0A0000006D70755F02
:102D70007365745F73616D706C655F7261746520FB
:102D8000636F6D706C657465202E2E2E2E2E2E0AAC
:102D900000000000646D705F6C6F61645F6D6F7444
:102DA000696F6E5F6472697665725F6669726D776E
:102DB00061726520636F6D65206163726F7373204C
:102DC0006572726F72202E2E2E2E2E2E0A0000009B
:102DD000646D705F6C6F61645F6D6F74696F6E5F5F
:102DE0006472697665725F6669726D77617265207B
:102DF000636F6D706C657465202E2E2E2E2E2E0A3C
:102E000000000000F4000020646D705F7365745F63
:102E10006F7269656E746174696F6E20636F6D6542
:102E2000206163726F7373206572726F72202E2E31
:102E30002E2E2E2E0A000000646D705F7365745F85
:102E40006F7269656E746174696F6E20636F6D7007
:102E50006C657465202E2E2E2E2E2E0A000000008A
:102E6000646D705F656E61626C655F6665617475E7
:102E7000726520636F6D65206163726F7373206587
:102E800072726F72202E2E2E2E2E2E0A000000003F
:102E9000646D705F656E61626C655F6665617475B7
:102EA000726520636F6D706C657465202E2E2E2EFA
:102EB0002E2E0A00646D705F7365745F6669666FBD
:102EC0005F7261746520636F6D65206163726F73FB
:102ED00073206572726F72202E2E2E2E2E2E0A00F7
:102EE000646D705F7365745F6669666F5F7261744D
:102EF0006520636F6D706C657465202E2E2E2E2EEE
:102F00002E0A00006D70755F7365745F646D705F8D
:102F1000737461746520636F6D65206163726F7394
:102F200073206572726F72202E2E2E2E2E2E0A00A6
:102F30006D70755F7365745F646D705F73746174D9
:102F40006520636F6D706C657465202E2E2E2E2E9D
:102F50002E0A000010B50B4A00210B4802F08CFE2F
:102F60000A4C084A002120602432094802F084FEFD
:102F7000044A606048320021064802F07DFEA060ED
:102F800010BD000010870008013300080000002079
:102F9000093300081132000830B585B000200090D8
:102FA0000190029003902048816941F020018161E5
:102FB000816901F020010491816941F0040181617E
:102FC000816901F004010491816941F00801816186
:102FD000816901F008010491816941F0100181616A
:102FE0008069124D00F010004FF44044049001221B
:102FF00021462846FEF7E5FC1120CDE900400120DE
:1030000002900320039069462846FEF7D9FB681515
:103010000090074801900220029069462846FEF77A
:10302000CFFB05B030BD000000100240000C014095
:103030000000111010B58EB0002407940894099474
:103040000A940B941C2168460C94FDF7D1FA2A4887
:103050002849C0E9001441F61F41C0E9024180211E
:1030600004618161FFF74EF808B1FEF795FB4FF45C
:103070008050079007A92048FFF7BCF808B1FEF779
:103080008BFB1D48FFF7F5FA08B1FEF785FB0B94A3
:103090000BA919480C94FEF7F7FF08B1FEF77CFB6B
:1030A0006020CDE90004029400226946124804948D
:1030B000FFF779FA08B1FEF76FFB042269460E4864
:1030C000FFF771FA08B1FEF767FB082269460A4864
:1030D000FFF769FA08B1FEF75FFB0C226946064864
:1030E000FFF761FA08B1FEF757FB0348FFF722FA32
:1030F0000EB010BD000400400001002010B58CB0DF
:1031000024216846FDF774FA0024164809941449EE
:103110000A94C0E900144FF6FF71C0E9024104614E
:1031200084610320CDE900040120CDE90204049468
:10313000CDE90540079469460A480894FFF7C8F8A6
:1031400008B1FEF729FB099409A906480A94FEF77D
:103150009BFF002801D0FEF71FFB0CB010BD000044
:10316000000800404801002010B58CB024216846BA
:10317000FDF73EFA00241648099414490A94C0E960
:1031800000144FF6FF71C0E902410461446184619B
:103190000320CDE900040120CDE902040494CDE927
:1031A0000540079469460A480894FFF791F808B16A
:1031B000FEF7F2FA099409A905480A94FEF764FF9C
:1031C000002801D0FEF7E8FA0CB010BD0034014031
:1031D000900100200C4810B50A4901604FF4E1311C
:1031E0004160002181600C22C160C0E9041281614C
:1031F000C161FFF778FA002803D0BDE81040FEF760
:10320000CBBA10BD00380140D8010020FEE7FEE730
:103210008AB00025FFF7D0FC044606E0642002F0E7
:10322000EFFCFFF7C9FC04466D1C14B9032DF5DB58
:103230002EE0FFF7CFFB1C48006804F0C9FE0646ED
:103240001A480F46006804F0C3FE05461848884631
:10325000006804F0BDFE0A4604A981E82501154A6C
:10326000CDE90867B2F900201349B1F900101348FD
:10327000B0F900008DE807001148B0F9003011489E
:10328000B0F900201048B0F9001010A0FDF740F888
:10329000322002F0B5FC002CCBD1322002F0B0FC81
:1032A000322002F0ADFCF8E7F0000020EC00002036
:1032B000E8000020D6000020D4000020D20000202A
:1032C000D0000020CE000020CC0000202536642C49
:1032D000202536642C202536642C202536642C20AD
:1032E0002536642C202536642C2025342E31662C7E
:1032F0002025342E31662C2025342E31660A00001C
:10330000012002F07DFCFBE7012002F079FCFBE7E5
:1033100010B54FF0E020006903F032FF012803D020
:10332000BDE8104003F060BC10BD30B58FB028215F
:103330006846FDF75DF914210AA8FDF759F9012146
:103340000804CDE900100024029402250491CDE97F
:1033500007504FF4E01009906846FEF703FD08B1EE
:1033600072B6FEE70F20CDE90A054FF48060CDE983
:103370000C4002210AA80E94FEF7F8FB002801D0A9
:1033800072B6FEE70FB030BD704700000148FFF78E
:1033900038B8000020020020F0B50268204C214D12
:1033A000214E224F224B4FF0804CA04209D0984230
:1033B00007D0604505D0A84203D0B04201D0B84242
:1033C00004D122F0700E4A6842EA0E02A04209D0EF
:1033D000984207D0604505D0A84203D0B04201D042
:1033E000B84203D122F44075CA682A434D6922F0DD
:1033F00080022A4302608A68C2620A688262A0422E
:1034000001D0984201D1096901630121416101693B
:10341000C90703D0016921F001010161F0BD00007D
:10342000002C01400004004000080040000C004057
:103430000034014010B5846842EA032224F47F443A
:103440000A432243826010BD826822F070020A4360
:1034500042F0070181607047F0B5036A026A22F00A
:103460000102026242688469124E24F073050C68FE
:103470002C4323F002058B682B430D4DA84201D04D
:10348000B04205D123F00807CB683B4323F0040387
:10349000A84201D0B04205D14D6922F440721543D3
:1034A0008A692A4342608461496841630362F0BDCE
:1034B000002C014000340140F0B5026A036A23F099
:1034C00010030362436884690D6824F4E64444EA07
:1034D00005248D6822F0200242EA05120F4D104E9D
:1034E000A84201D0B04206D1CF6822F0800242EA61
:1034F000071222F04002A84201D0B04207D14D6924
:1035000023F4406343EA85038D6943EA85034360FE
:103510008461496881630262F0BD0000002C0140B3
:1035200000340140F0B5026A036A23F48073036239
:103530004368C46922F4007224F073050C68124ECB
:103540002C438D6842EA05220E4DA84201D0B042BC
:1035500006D1CF6822F4006242EA072222F4806298
:10356000A84201D0B04207D14D6923F4405343EA49
:1035700005138D6943EA05134360C4614968C1635B
:103580000262F0BD002C01400034014030B5046AF5
:10359000026A22F4805202624268C3690D6823F411
:1035A000E64343EA05238D6824F4005444EA0534D5
:1035B000084DA84202D0084DA84204D14D6922F41A
:1035C000804242EA85124260C36149680164046234
:1035D00030BD0000002C01400034014010B5036AEA
:1035E000046A24F001040462846924F0F00444EACB
:1035F000021423F00A020A438461026210BD10B56E
:10360000036A046A24F010040462846923F0A003AE
:1036100024F4704444EA023243EA011182610162F7
:1036200010BD01680C3151E8002F22F4907241E87E
:103630000023002BF5D10168143151E8002F22F04E
:10364000010241E80023002BF5D1016B012909D1CA
:1036500001680C3151E8002F22F0100241E80023EC
:10366000002BF5D1202180F8421000210163704722
:1036700070B5044600680169E26821F440511143C5
:1036800001612169A0680843616908432168CA682B
:1036900041F20C639A430243CA6020684169A269FF
:1036A00021F44071114341611E492068884202D1D2
:1036B000FEF722FB01E0FEF70FFB00EBC00101EB80
:1036C0000012606864218000B2FBF0F3B3FBF1F3F9
:1036D0006FF018067343B2FBF0F5B2FBF0F605EBA2
:1036E0008305322303EB0515B5FBF1F5B6FBF1F6C7
:1036F00005F0F00505EB0615B2FBF0F6B2FBF0F0B5
:10370000B0FBF1F06FF01802504306EB800003EBC2
:103710000010B0FBF1F0216800F00F002844886031
:1037200070BD0000003801402DE9F8439846174667
:103730000D460446089E24E0701C22D0FEF746F990
:10374000A0EB0800B0421AD8CEB12068C168490782
:1037500017D5802D15D0402D13D00168C943090716
:103760000FD401680025406800902046FFF759FFFC
:103770000820606484F840500120BDE8F8830320ED
:10378000FBE72068006835EA000004D00020B8425A
:10379000D2D00020F1E70120F9E7FEE7490050EA26
:1037A000C12018BF04204A0D18BF40F0010040F2AC
:1037B000FF72B2EB515F08BF40F00200012808BF62
:1037C000052070470907090E002804DB00F1E020FE
:1037D00080F80014704700F00F0000F1E02080F83E
:1037E000141D70472DE9F0414F1E00EBC701044640
:1037F000D1E9000115461E4637F006020DD02A46D3
:10380000334604F00BF97F1E04EBC703D3E9002312
:1038100003F0B4FE37F00602F1D1022F25D0042FB9
:1038200013D0062F18BFBDE8F0812A46334604F0B6
:10383000F5F8D4E90A2303F0A1FE2A46334604F042
:10384000EDF8D4E9082303F099FE2A46334604F044
:10385000E5F8D4E9062303F091FE2A46334604F046
:10386000DDF8D4E9042303F089FE2A46334604F048
:10387000D5F8D4E9022303F081FE2A46334604F04A
:10388000CDF8D4E90023BDE8F04103F077BE012272
:1038900004F0D1BE03F072BE00221346104611465A
:1038A00003F028BF024A0020110704F0C4BE000044
:1038B00001FDFFFF30380A2801D2012070470020A7
:1038C000704770472DE9FE4F07460E4600256846B3
:1038D00001F002F800246FF00F0AE8464FF00109EA
:1038E00057F8240056F82410401A00D5404204F03E
:1038F00001FD514604F0CDFE58F8241011F0FF4FA1
:103900000BD004F0F9FB4FF07E5104F0EBFD0A49B7
:1039100020F00040884205DC07E0084908440849D7
:10392000884202D309FA04F00543641C032CD7DB58
:103930002846BDE8FE8F0000295C0F3E666666C122
:103940009A99D9002DE9F04D8D4F21F0004A86B0AB
:1039500005460C46BA452ADBAAEB070028430AD0E5
:103960008848824501DC1AD1CDB106B02846BDE8B1
:10397000F04DFFF78CBF844A844B284604F04EF884
:1039800007460E46824A834B2846214604F046F8F5
:1039900006B03A463346BDE8F04D03F0EFBD0120D6
:1039A000FCF7CDFE06B0BDE8F04DFFF775BF7A48D5
:1039B000824542DABAF1795F0BDA2846FFF7EEFE6C
:1039C000042808BFFFF76EFF284606B02146BDE871
:1039D000F08D2A460B46104604F020F88346024636
:1039E0006E480E460B4606217844FFF7FBFE5A460A
:1039F000334604F013F8804669488A465A463346EF
:103A000004217844FFF7EEFE5A46334604F006F8E8
:103A100000223B4603F0B2FD02460B4640465146AB
:103A200003F068FE2A46234603F0F8FF06B02A4654
:103A30002346BDE8F04D03F0A1BD284624F0004127
:103A400000223D463B4604F0E7F84FF0FF3204F019
:103A5000F2FD0646024653480F460B4606217844BF
:103A6000FFF7C0FE32463B4603F0D8FFCDE9000128
:103A70004D4832463B4604217844FFF7B3FE3246B8
:103A80003B4603F0CBFF00222B4603F077FD834635
:103A900002913046394602F013FE804643480D46F7
:103AA000504517DCDDE900015A46029B03F022FE77
:103AB00042462B4603F0B2FF42462B4603F05EFD22
:103AC000012204F0B8FD304A304B04F097F9304A37
:103AD000304B4CE04FF0000A52460B46404603F094
:103AE0004DFDCDE9031052462B461046194603F012
:103AF00095FF32463B4604F08FF8DDE9033203F0D0
:103B0000F9FD06460F46DDE900015A46029B03F027
:103B1000F1FD8346009101223046394604F08BFDC9
:103B2000194A1A4B04F078F806460F46012240461F
:103B3000294604F080FD5A46009B03F06FFF324691
:103B40003B4604F05BF906460F46012250462946E3
:103B500004F071FD0E4DDFF858802A46434604F00C
:103B60005BF832463B4604F057F82A46434604F0D9
:103B700053F8002CD8BF81F0004106B0BDE8F08DAD
:103B80000000F03F0000F07F075C143326A6913C54
:103B9000182D4454FB21F93F0000E03F045A000077
:103BA0001A5A00008E590000A45900003333EF3F29
:103BB000FB21E93F2DE9F84F04460D4621F0004076
:103BC00000917349814211DC7249884201DC06D1BF
:103BD0002CB120462946BDE8F84FFFF758BE6E4885
:103BE000002DCCBF6D496E49BDE8F88F6D4981420B
:103BF00011DD6D498142D8BF4FF0FF366DDD2046A3
:103C00002946FFF7CBFD042808BFFFF74BFE2046EF
:103C10002946BDE8F88F6549654F25F0004581428A
:103C200033DD6449814219DD002632464FF080437E
:103C30002046294603F0A2FC80468A4601222046FF
:103C4000294604F0F8FC00223B4604F0D7F842462F
:103C5000534603F04FFD04460D463EE00126002288
:103C6000BA463B462046294603F088FC80460F466C
:103C7000002253462046294604F0C0F842463B46FF
:103C800003F038FD04460D4627E04B4981421BDD19
:103C9000DFF828A10226002253462046294603F0D9
:103CA000BDFE00223B4603F069FC80460F46002221
:103CB00053462046294604F0A1F842463B4603F00D
:103CC00019FD04460D4608E0032622462B46002037
:103CD0003B4903F00FFD04460D4622462B46104695
:103CE000194603F09BFE8B46824602460B4603F0C4
:103CF00095FE07460246334888460B46062178441F
:103D0000FFF770FD52465B4603F088FE82462E4860
:103D10008B463A46434605217844FFF763FD3A4611
:103D2000434603F07BFE02460B46002E50465946A2
:103D30000CDA03F023FC22462B4603F06FFE01B0A1
:103D400022462B46BDE8F04F03F066BF03F016FC99
:103D500022462B4603F062FE1C4A7A4402EBC6035D
:103D6000D3E9002304F04AF822462B4604F046F833
:103D7000174A7A4402EBC603D3E9002303F04CFF51
:103D8000009A002AB8BF81F00041BDE8F88F00001A
:103D9000000010440000F07F182D4454FB21F93F2F
:103DA000FB21F9BF0000DC3F0000203E0000F33F94
:103DB0000000F03F0000E63F008003400000F83FB5
:103DC0000000F0BFA6570000645700000257000033
:103DD000CA5600002DE9F04D9446CCF1000423F0C2
:103DE00000464CEA0404594F46EAD4749A46884681
:103DF00021F00042BC4206D8454240EA050442EAAE
:103E0000D474BC4204D9BDE8F04D6246FFF742BD10
:103E1000AAF14055A5F17F6555EA0C040BD00224A8
:103E200004EAAA744A4DDFF82CE144EAD87452EA55
:103E3000000B04D00CE0BDE8F04DFFF7BBBE002C3A
:103E400014BF012CBDE8F08D022C30D0032C32D0F1
:103E500056EA0C0B0AD0BE4220D1BA4209D126F054
:103E6000804622F080423346114617E000291ADBD3
:103E700025E0DFF8E4B0FB44002C04BFDBE90001DF
:103E8000BDE8F08D012C02BFDBE9000181F00041AB
:103E9000BDE8F08D022C0AD0032C0CD0BA4212D10E
:103EA000B8F1000F0BDA2A482C49BDE8F08D2846FE
:103EB0002B49BDE8F08D28467146BDE8F08D2448B9
:103EC0002849BDE8F08D921B12153C2AC4BF204F33
:103ED000244E10DCBAF1000FBEBF12F13C0F0027D8
:103EE0003E4608DB624603F005FC21F00041FFF787
:103EF00061FE07460E4694B1012C08BF86F00046CD
:103F00000DD0194A194B022C3846314615D003F012
:103F100075FF2A46BDE8F04D114B03F06FBF00223C
:103F200013463846314603F03DFD04BF0220FCF73E
:103F300006FC38463146BDE8F08D03F05FFF2A46A7
:103F4000BDE8F04D064B03F067BE00000000F07FB7
:103F5000182D4454FB2109C05E560000FB21F9BF17
:103F6000FB210940FB21F93F075C143326A6A13C45
:103F700008B560B120208DF8000028208DF80100E0
:103F800030208DF8020038208DF8030004E0A322D1
:103F900004216846FCF724FB6A46042140F69E2073
:103FA00001F004FE01F0C2FA08BD00003EB504466F
:103FB00002208DF80000CA208DF80100E3208DF862
:103FC000020009208DF803006A460421682001F0F0
:103FD000EDFDA3208DF80000610609D5C0218DF804
:103FE0000110C8218DF80210C2218DF8031005E0E0
:103FF0008DF801008DF802008DF8030014F4C07FE5
:1040000009D0C4218DF80410CC218DF80510C621EB
:104010008DF8061005E08DF804008DF805008DF888
:1040200006008DF808008DF807008DF809006A4633
:104030000A2140F6A72001F0B9FDA0074FF0D805EE
:1040400003D020208DF8000001E08DF800506A4672
:10405000012140F6B62001F0A9FDA00601D50120FE
:1040600000E0002000F08EF814F4C07F1ED0E005C0
:104070000AD5B2208DF800008B208DF80100B62003
:104080008DF802009B2009E0B0208DF80000802010
:104090008DF80100B4208DF8020090208DF8030007
:1040A0006A46042140F6A22001F080FDE1074FF4AA
:1040B0000B6022D0F8218DF800106A46012101F032
:1040C00075FDFA21072000F047FB072000F012FBE6
:1040D000012000F02FFB642000F0D2FB4FF4FA70B7
:1040E00000F0DEFBC821254800F0CCFA282000F0C3
:1040F000E1FA0A2000F0EEFA05E08DF800506A4679
:10410000012101F053FDA00703D5D9208DF800004F
:1041100001E08DF800506A46012140F23D7001F047
:1041200045FD600701D5012000E0002000F048F8BF
:10413000E00601D5012000E00020FFF719FF104D37
:1041400044F00800688101F0F1F90020A8736006CE
:1041500001D50620A87314F4C07F02D0A87B801D6F
:10416000A87314F0140F02D0A87B1030A873A00716
:1041700002D0A87B001DA87300203EBD09E3CA023F
:104180003C1B00200EB54FF4976310B106A107C980
:1041900001E008A207CA8DE807006A46092118460F
:1041A00001F004FD0EBD0000B8AAB38DB4980D3522
:1041B0005D000000B8AAAAAAB088C3C5C700000065
:1041C00008B560B1C0208DF80000C2208DF8010054
:1041D000C4208DF80200C6208DF8030004E08B2275
:1041E00004216846FCF7FCF96A46042140F6982051
:1041F00001F0DCFC01F09AF908BD0000C8234FF47F
:104200008062024940F6F63001F072B8F887000883
:104210002DE9F04F89B01746DDE912520024534EC4
:10422000884681462C80A246B07B694601F00CF995
:104230004FF0FF3B18B1584609B0BDE8F08F7089C8
:1042400010F0140F4CD0BDF800109DF8022049BAB0
:10425000090441EA02239DF803100B433B60BDF8BB
:1042600004109DF8062049BA090441EA02229DF88B
:1042700007101B140A437A60BDF808109DF80A4025
:1042800049BA090441EA04219DF80B401214214364
:10429000B960BDF80C409DF80EC064BA240444EA2D
:1042A0000C2C9DF80F4009144CEA040CC7F80CC004
:1042B0004FEA2C475B43494302FB023207FB0711DD
:1042C00011441024A1F17061B1F1007F04D901F013
:1042D0002DF9A5F800A0AEE7298841F48071298066
:1042E0004206694611D50A19A41D13885BBAA8F8BD
:1042F000003053885BBAA8F80230928852BAA8F806
:1043000004202A8842F008022A8010F4C07F11D0CD
:104310000A19A41D13885BBAA9F8003053885BBA48
:10432000A9F80230928852BAA9F804202A8842F0EB
:1043300070022A80800716D00C44E07800F0C00597
:1043400000F03F016078C00706D0C80801F00701FF
:104350003268491C02B190476078000703D5716844
:1043600009B1A8098847002066E700003C1B00202F
:104370002DE9FF41044603A800F03CFEBDF80C0007
:10438000410CC3032F48008900F0030254F8225067
:10439000420700D56D42C0F3C102860654F82220C0
:1043A00000D55242C0F38116C00554F8264000D50E
:1043B0006442A5FB0367E81700FB037005FB0100DF
:1043C000850045EA9670A2FB0367D51705FB0375C8
:1043D00002FB0152950045EA9672A4FB0367E517BC
:1043E00005FB037304FB01318B0043EA9671030E56
:1043F0008DF80030030C8DF80130030A8DF802307F
:104400008DF80300100E8DF80400100C8DF80500D7
:10441000100A8DF80600080E8DF80800080C8DF8BB
:104420000900080A8DF80A008DF807208DF80B1096
:104430006A460C214FF4257001F0B8FB04B0BDE8CA
:10444000F08100003C1B002030B5044613A285B06B
:1044500007CA8DE807004FF0FF35C82C16D8C820D2
:10446000B0FBF4F1491E080A8DF80C008DF80D1010
:1044700003AA022140F2162001F098FB30B96A46E7
:104480000C2140F6C12001F091FB10B1284605B087
:1044900030BD054884810020F9E70000FEF2ABC47E
:1044A000AAF1DFDFBBAFDFDF3C1B0020F8B53049EE
:1044B000098901F0030250F822404A0700D56442FE
:1044C000C1F3C1028B0650F8222000D55242C1F33D
:1044D000811350F82330C80500D55B42254984FB81
:1044E0000140850045EA947082FB0142A40F44EA32
:1044F000820483FB0121950F45EA8105010E8DF8A9
:104500000010010C8DF80110010A8DF802108DF8D1
:1045100003006A4604214FF4747001F047FB4FF02A
:10452000FF3688B9200E8DF80000200C8DF80100B0
:10453000200A8DF802008DF803406A4604214FF4EA
:10454000757001F033FB08B13046F8BD280E8DF8C8
:104550000000280C8DF80100280A8DF802008DF863
:1045600003506A4604214FF4767001F01FFBF8BD3A
:104570003C1B002009E3CA022DE9FF4104463CA090
:1045800004F00303006802903AA0006803903AA088
:1045900006683AA0056802A8C15C8DF80010C4F353
:1045A000C101425C8DF80120C4F38112805C8DF85A
:1045B000020003A8C35C8DF80430415C8DF805103F
:1045C000805C8DF806006A46032140F2264001F027
:1045D000EDFA4FF0FF37E0BB01AA032140F22A4079
:1045E00001F0E4FAA8BBCDE9006560070BD59DF8A2
:1045F000000040F001008DF800009DF8040040F03C
:1046000001008DF80400A0060BD59DF8010040F0D4
:1046100001008DF801009DF8050040F001008DF8C3
:104620000500E0050BD59DF8020040F001008DF873
:1046300002009DF8060040F001008DF806006A4671
:1046400003214FF4886001F0B1FA10B901AA0321E7
:1046500000E004E040F2314001F0A8FA18B1384619
:1046600004B0BDE8F081064804810020F8E70000AE
:104670004CCD6C000CC92C003656760026466600E0
:104680003C1B00204FF47A7290FBF2F008B54843CF
:10469000010E8DF80010010C8DF80110010A8DF843
:1046A00002108DF803006A4604214FF4AE7001F049
:1046B0007DFA08BD0521B0FBF1F008B5010A8DF8BF
:1046C00000108DF801006A4602214FF4AD7001F030
:1046D0006DFA08BD0521B0FBF1F008B5010A8DF8AF
:1046E00000108DF801006A4602214FF4AC7001F011
:1046F0005DFA08BD08B500218DF80010C10702D091
:1047000030218DF80010810705D59DF8001041F08B
:104710000C018DF80010400705D59DF8000040F011
:1047200003008DF800006A4601214FF4A47001F0E7
:104730003DFA08BD08B560B1042800D90420401E28
:104740008DF800006A46012140F24F1001F02EFA68
:1047500008BD0120F3E700002DE9FC4105464007B4
:104760004FF0FF367CD0B1F5C86F79D8084603F01A
:10477000D9FD3E4903F0C0FC074601A800F01CFC2F
:104780009DF80400022806D004280DD008282ED059
:10479000102865D134E00E21384603F07AFF03F08B
:1047A00089FD84B2324907E00D21384603F071FFDC
:1047B00003F080FD2F4984B2384603F0C7FD03F0B3
:1047C00079FD210A8DF8001080B28DF80140010AB0
:1047D0008DF802108DF80300E8076C4620D02246C1
:1047E00002214FF4EA7001F0E1F9C8BB11E00C219D
:1047F000384603F04EFF03F05DFD84B21E49DBE74F
:104800000B21384603F045FF03F054FD84B21B49E9
:10481000D2E7A21C02214FF4927001F0C7F9F8B957
:10482000A8070DD56A4602214FF4EC7001F0BEF9DD
:10483000B0B9A21C02214FF4947001F0B7F978B915
:10484000680710D56A4602214FF4EE7001F0AEF908
:1048500030B9A21C02214FF4967001F0A7F910B1F3
:104860003046BDE8FC810020FBE700000000484323
:10487000000040460000C045000040450000C04424
:104880000521B0FBF1F008B5010A8DF800108DF894
:1048900001006A4602214FF4EF7001F087F908BD6C
:1048A0000521B0FBF1F008B5010A8DF800108DF874
:1048B00001006A4602214FF4ED7001F077F908BD5E
:1048C00013B54FF6FF73012269460248FDF776FFE4
:1048D00000981CBDD80100202DE9FE43064626485D
:1048E00001AB042240680D21007800F0EFFA10B10E
:1048F0000720BDE8FE839DF804101C2000EAD102C9
:104900009DF80710DFF87490C1F301131A438DF876
:1049100000209DF80520C1F3810300EAD2021A436A
:104920008DF801209DF8062001F0030100EAD20075
:1049300008430024124F8DF80200A0466D46285D02
:1049400010B146F824900AE046F824800DE000BF3C
:1049500056F82400394603F0F9FC46F82400285D97
:10496000401E10F0FF002855F2D1641CE4B2032C65
:10497000E5D30020BDE70000A00000207B14AE3E80
:104980001D5A843F2DE9FE4F05460120C14E8DF88A
:1049900000004FF000088DF8018030680C46174683
:1049A000817C70686B460222007800F098FA4FF024
:1049B000FF3A00287AD1C820FCF7F0FE8DF800807D
:1049C00030686B460122C17B7068007800F087FA7E
:1049D0000028EFD130686B46012241797068007879
:1049E00000F07DFA0028E5D130686B460122817C19
:1049F0007068007800F073FA0028DBD130686B46ED
:104A00000122C17D7068007800F069FA0028D1D1D8
:104A100030686B46012201797068007800F05FFA17
:104A20000028C7D14FF00C098DF8009030686B4614
:104A3000012201797068007800F051FA002835D120
:104A40000F20FCF7ABFEB06A6B460122407A8DF86E
:104A50000000306881787068007800F040FA002823
:104A600024D1B06A6B460122007A8DF800003068CC
:104A700041787068007800F032FA002873D1B06A8B
:104A8000807A0FB140F0E0008DF8000030686B468E
:104A9000012281797068007800F021FA002862D143
:104AA0002FB1B06AC07A40F0E00001E04AE018207F
:104AB0008DF8000030686B460122C179706800787B
:104AC00000F00DFAF0BB17B1C820FCF767FE4020DC
:104AD0008DF8000030686B4601220179706800781B
:104AE00000F0FDF970BB78208DF8000030686B464F
:104AF000012241797068007800F0F1F910BB322092
:104B0000FCF74CFE8DF80080306847466B464179D3
:104B100070680122007800F0E2F998B93168706895
:104B2000B046897A00786B46022200F0CFF948B986
:104B3000BDF80000AF6040BAB0FBF9F06F60C6B2DC
:104B40002F6000E00FE0A76067602760002739E072
:104B5000D8F80010D8F804006B46C97A00780C2207
:104B600000F0B4F910B15046BDE8FE8FBDF800006A
:104B7000236840BA02B2BDF80200BDF804101A441E
:104B8000226040BA626800B21044606049BAA0680E
:104B900009B20844A060BDF806002B6840BA01B213
:104BA000BDF80800BDF80A201944296040BA6968B8
:104BB00000B20844686052BAA86812B210447F1C60
:104BC000FFB2A860B742C3D328688322C117090483
:104BD00041EA104100040023FBF775FB3246002335
:104BE000FBF771FB286068688322C117090441EA5A
:104BF000104100040023FBF766FB32460023FBF75D
:104C000062FB6860A8688322C117090441EA104169
:104C100000040023FBF757FB32460023FBF753FB4E
:104C2000A86020684FF40065C117090441EA1041EB
:104C300000042A460023FBF746FB32460023FBF71D
:104C400042FB206060682A46C117090441EA10410E
:104C500000040023FBF737FB32460023FBF733FB4E
:104C60006060A0682A46C117090441EA10410004A7
:104C70000023FBF728FB32460023FBF724FBA06050
:104C8000002802DDA0F5803001E000F58030A06052
:104C9000002069E7A00000202DE9F84F81462E484A
:104CA0008846002540686B46032200780D2100F0FD
:104CB0000DF910B10720BDE8F88F9DF80000002421
:104CC00000F01F008DF800009DF801006FF00F0B41
:104CD00000F01F008DF801009DF802006E4600F004
:104CE0001F008DF802004FF0010A00BF59F8241090
:104CF00058F82400081A00D5404203F0FBFA594640
:104D000003F0C7FC0746305DC0B1144802E0144907
:104D100003F01CFB315D491E11F0FF013155F6D146
:104D20000146384603F0E8F94FF07E5103F0DAFB14
:104D30000C4920F00040884205DC07E00A4838446E
:104D4000B0F1D97F02D90AFA04F00543641C032CA0
:104D5000CCDB2846AFE70000A00000200000C841DF
:104D600054E3853F295C0F3E0000E0BE2DE9F0478B
:104D7000994616460D460446FDF7A2FD00281ED0B2
:104D80006006000EFDF76CFDFDF7EEFDA0B12846B4
:104D9000FDF766FDFDF7E8FDFDF792FD012000EB54
:104DA0004400C0B2FDF75CFDFDF7DEFD4FF4004AA4
:104DB000304D4FF4804850E0FDF7B0FD0020BDE8D5
:104DC000F0870024012251462846FCF7FAFD072708
:104DD0006006040E002241462846FCF7F2FDFDF76E
:104DE000F1FD012241462846FCF7EBFDFDF7EAFD07
:104DF00051462846FCF7E0FD08B144F001047F1E4F
:104E0000FFB2E5D20022474641462846FCF7D9FDCD
:104E100089F80040012E4FF000023946284622D082
:104E2000FCF7CFFDFDF7CEFD002251462846FCF7EA
:104E3000C8FDFDF7C7FD012239462846FCF7C1FD34
:104E4000FDF7C0FD002239462846FCF7BAFDFDF704
:104E5000B9FD761E09F10109F6B2002EB1D1FDF7B8
:104E60005DFD0120ABE7FCF7ACFDFDF7ABFD0122DA
:104E7000DBE70000000C01402DE9F0411E4615461D
:104E80000F460446FDF71CFD002819D06006000EF1
:104E9000FDF7E6FCFDF768FDA0B13846FDF7E0FC44
:104EA000FDF762FD002406E0305DFDF7D9FCFDF75B
:104EB0005BFD38B1641CAC42F6DBFDF72FFD012031
:104EC000BDE8F081FDF72AFD0020F9E710B5FFF7F6
:104ED0004DFF08B1002010BD4FF0FF3010BD10B5E0
:104EE000FFF7CAFF08B1002010BD4FF0FF3010BD22
:104EF00090F90010002902DD4FF00000704702DA3F
:104F00004FF00400704790F90110002902DD4FF0C6
:104F10000100704702DA4FF00500704790F9020077
:104F2000002802DD4FF00200704702DA4FF0060061
:104F300070474FF007007047FCF756FDFEF7F5F994
:104F4000FEF72AF8FEF776F8FEF744F9FEF7D6F8F2
:104F5000FEF70AF900F062FEFDF7FCFF00F070FEBC
:104F6000FEE700002DE9F041124C20F00101002580
:104F700094F8240010B10020BDE8F081A07A4FF031
:104F8000FF3668B10840277C2074884200D035463F
:104F900041B1012001F068FB00F0C8FA38B1277474
:104FA0003046E9E7207D00B1012001F05DFB284695
:104FB000E2E70000A00000200D494A7A42B1012A30
:104FC00008D0022A0FD0032A0FD04FF0FF307047CD
:104FD000022200E004220270C97C11B11106C90D41
:104FE0000170002070470822F5E71022F3E7000067
:104FF000A00000200F494A7A42B1012A09D0022AB2
:1050000011D0032A12D04FF0FF3070474FF4804286
:1050100001E04FF400520280C97C11B1C2F34E018D
:105020000180002070474FF48052F4E74FF4006293
:10503000F1E70000A00000200B49097A39B10129ED
:1050400007D002290AD003290BD0002103E0FA215E
:1050500001E04FF4FA710180002070474FF47A713B
:10506000F9E74FF4FA61F6E7A00000200A49097A4F
:1050700041B1012908D002290AD003290AD04FF0F2
:10508000FF307047054900E0054901600020704786
:105090000449FAE70449F8E7A000002000000343B0
:1050A0000000834233330342333383410C49C97ACE
:1050B000072913D2DFE801F01204060A0C0E1000D3
:1050C000BC2100E062210180002070472A21FAE71C
:1050D0001421F8E70A21F6E70521F4E70021F2E7B9
:1050E000A0000020054991F8242012B14FF0FF30B4
:1050F0007047C9890180002070470000A00000208F
:105100002DE9FC41544C80208DF8000020686B464E
:105110000122817C60680078FFF7E1FE4FF0FF37E5
:1051200008B14EA00FE0C820FCF738FB00258DF831
:10513000005020686B460122817C60680078FFF790
:10514000CEFE18B147A0FBF7E3F824E0C820FCF737
:1051500025FB20686B460622817D60680078FFF79A
:10516000B5FEC0B99DF805009DF80310C007400FBB
:1051700001F0010140EA41019DF801004FF00106F4
:1051800000F0010001430BD0012907D0022919D0FA
:1051900036A0FBF7BDF83846BDE8FC81E67412E0A6
:1051A00020686B460122C17860680078FFF78EFEA8
:1051B00008B138A0C7E79DF8000010F00F0021D01B
:1051C000042821D0E574FF2004F80A0F4FF6FF7180
:1051D00004F8020C04F8010C6070A180A071207228
:1051E000A67026766576E572A572E5602561656133
:1051F000A576E576A5834FF4FA6000F09DFB38B103
:1052000026A0A0E727489EE727A0FBF781F8C5E77F
:10521000022000F0B3FA08B12BA094E72A2000F096
:10522000F3FB08B12AA08EE7322000F023FC08B17E
:1052300029A088E70020FFF795FE08B128A082E7A3
:10524000002000F0CFFA08B127A07CE7002000F092
:1052500051FC0020A0E70000A00000203738310AF0
:10526000000000003739300A00000000556E7375E9
:1052700070706F7274656420736F667477617265A5
:105280002070726F64756374207265762025642EB9
:105290000A0000003831340A000000003837310AB3
:1052A000000000009895000848616C662073656EE8
:1052B0007369746976697479207061727420666F9D
:1052C000756E642E0A0000003837360A00000000B0
:1052D0003838310A000000003838360A0000000073
:1052E0003839310A000000003930360A0000000069
:1052F0002DE9FF4FDFF89480064685B098F8250029
:1053000015460F464FF0FF39B0BBAFB3002420E085
:10531000301B102800DD102080B283463A19014668
:105320009246204600F042FC30BB6A465946204671
:1053300000F0D2F800BB50465A466946FBF7DFF84A
:1053400020B16FF0010009B0BDE8F08F04EB0B0055
:1053500084B2B442DCD3280A8DF810008DF81150C5
:10536000D8F80000444604AB817ED8F8040002223D
:105370000078FFF7B4FD08B14846E4E7012084F85F
:1053800025000898E0840020DDE70000A000002050
:105390002DE9F84305464FF0FF39282844D8072760
:1053A000284C00267DB1012000F0FCFA20208DF869
:1053B00000004FF00108012D17D0052D18D88DF8E9
:1053C000018005201FE0002000F0ECFA8DF800605D
:1053D0008DF8017020686B460222817C606800783D
:1053E000FFF77DFD00BB267529E08DF80160E8E739
:1053F000142D04D802208DF801000A2003E00320B8
:105400008DF80100142000F0FFFA9DF801006B46B2
:1054100007EB80108DF8010020680222817C606813
:105420000078FFF75CFD10B14846BDE8F88308201E
:10543000A072267384F814800020FFF793FD0020EB
:10544000F3E70000A00000202DE9F843214C0646B8
:10545000174694F8240089464FF0FF3890B3A07A9D
:1054600080B320686B460222817A60680078FFF77B
:105470002DFD38BBBDF8000045BAB54202D2002070
:1054800038701FE060684188B5EB510F11D9216871
:1054900000786B46497C0122FFF718FD90B99DF812
:1054A0000000C00605D500F041F86FF00100BDE82E
:1054B000F8832068F2B24B46C17A60680078FFF743
:1054C00005FD08B14046F2E7B5FBF6F0401E387026
:1054D0000020ECE7A0000020F8B516000D464FF0C4
:1054E000FF371FD0104CA17AE1B1010A8DF80010EE
:1054F000C0B28DF80100411960684289914211D80B
:10550000216800786B46097E0222FFF7E8FC48B963
:105510002068EAB23346417D60680078FFF7D6FC28
:10552000002800D03846F8BDA0000020F8B5564C41
:105530004FF0FF36A07A00287DD000258DF800506E
:1055400020686B460122C17B60680078FFF7C7FCCA
:10555000002870D120686B4601224179606800788C
:10556000FFF7BDFC002866D120686B460122017957
:1055700060680078FFF7B3FC00285CD194F8240041
:10558000E0B30C208DF8000020686B460122017901
:1055900060680078FFF7A3FC002872D13220FCF786
:1055A000FDF8C0208DF80000A07AC00702D0E020EE
:1055B0008DF8000020686B46012201796068007850
:1055C000FFF78DFC00285CD1607C18B102208DF8BB
:1055D000000001E08DF8005020686B460122C17B7D
:1055E00060680078FFF77BFC28BB8DF800502068CE
:1055F0006B4601224179606800783EE0FFE70420B5
:105600008DF8000020686B460122017960680078FF
:10561000FFF765FC78B9A07C90B9A07AC0070FD0DD
:105620005FF060008DF8000020686B460122017970
:105630006068007800E024E0FFF751FC08BB01E05F
:105640004020EFE73220FCF7A9F8607C18B1012078
:105650008DF8000001E08DF8005020686B460122B3
:10566000C17B60680078FFF73AFC50B92068064BB0
:1056700001224179606810330078FFF730FC002880
:1056800000D03046F8BD0000A00000202DE9F04712
:10569000394C82468AB094F82400894620B1002013
:1056A00000F00EF9012600E0002607A8FFF7C4FC71
:1056B00006A8FFF781FC09A8FFF7F8FC08A8FFF788
:1056C00011FD94F80A80277C0025002249465046A7
:1056D000FFF758F910B16D1C022DF6DB022D1AD020
:1056E0000025012203A96846FFF74CF910B16D1C93
:1056F000022DF6DB022D0ED003A94846FEF7E2F894
:10570000C5B269465046FFF7C7FA10F0FF0F4FF0D9
:10571000000002D002E0002505E001200DB940F0B4
:10572000020040F00405FF2020726072E0724FF624
:10573000FF71E181A072207401202073BDF81C006C
:1057400000F0FAF89DF8180000F018F8BDF82400F1
:1057500000F05AF9BDF8200000F08CF9404600F046
:10576000C9F93846FFF7FEFB16B1012000F0A8F892
:105770000AB02846BDE8F087A000002038B5184CD4
:105780004FF0FF35A17A19B3022806D0042806D0BD
:1057900008280ED010281BD10DE0002000E00820C2
:1057A0008DF80000607A9DF80010B0EBD10F04D0A6
:1057B00005E01020F4E71820F2E7002038BD20684B
:1057C0006B460122C17960680078FFF788FB08B159
:1057D000284638BD9DF80000C0086072EDE7000063
:1057E000A0000020F8B5354C0546A07CA84201D1A8
:1057F0000020F8BD31484FF0FF366B46D0E900106D
:105800004FF001020979007835B3FFF75FFB70BBF9
:105810009DF800006B4620F020008DF80000206805
:105820000122017960680078FFF759FBF8B903207D
:10583000FBF7B4FF02208DF8000094F8220078B343
:1058400082202BE020686B460122017D6068007891
:10585000FFF745FB58B92EE0FFF738FB38B9A07ABF
:10586000C0079DF8000003D040F0200002E00CE0EB
:1058700020F020008DF8000020686B46012201799D
:1058800060680078FFF72BFB08B13046F8BD0320B5
:10589000FBF784FF94F8220000B180208DF800000F
:1058A00094F823000028CDD09DF8000040F030008F
:1058B0008DF80000C6E7A5749AE70000A00000205C
:1058C00038B51C4C94F8241081421DD0002500B33B
:1058D00094F82500D0B1002000F0C6FE0020FFF7AC
:1058E00081FFE08C00F0C6F88DF8005060686B46D0
:1058F000012200782321FFF7F2FA012084F8240026
:1059000000F0B2FEFFF712FE002038BD4FF0FF306E
:1059100038BD002000F0A8FE207C8DF800006068F3
:105920006B46012200782321FFF7D9FA84F824502E
:10593000E8E70000A000002038B5194C4FF0FF3513
:10594000A17A31B3FA2809D0B0F5FA7F08D0B0F5C2
:105950007A7F0FD0B0F5FA6F1BD10DE0002000E088
:1059600008208DF80000207A9DF80010B0EBD10FD0
:1059700004D005E01020F4E71820F2E7002038BD3D
:1059800020686B460122817960680078FFF7A7FAEA
:1059900008B1284638BD9DF80000C0082072EDE728
:1059A000A000002038B5174C054694F82300A84203
:1059B00001D1002038BD0DB1302000E000208DF86D
:1059C0000000A07C28B19DF8000040F002008DF896
:1059D000000094F8220028B19DF8000040F08000FB
:1059E0008DF8000020686B460122017D6068007818
:1059F000FFF775FA10B14FF0FF3038BD84F823502F
:105A0000D7E70000A000002038B5194C4FF0FF3553
:105A1000A17A31B3BC2801D3012010E0622801D360
:105A200002200CE02A2801D3032008E0142801D327
:105A3000042004E00A2801D3052000E006208DF8A8
:105A40000000E07A9DF80010884201D1002038BDA6
:105A500020686B460122817860680078FFF73FFA82
:105A600008B1284638BD9DF80000E072EEE700005E
:105A7000A0000020F8B51E4D04464FF0FF37A87A6D
:105A800048B395F8240030BB287D4FF47A7648B1AE
:105A900064B1282C03D8E0B2FFF77AFC26E000209E
:105AA000FFF776FC042C05D2042406E00020FFF763
:105AB0006FFCF9E7B44200D93446B6FBF4F0401E5F
:105AC0008DF8000028686B460122417868680078EC
:105AD000FFF705FA08B13846F8BD9DF80000401CF4
:105AE000B6FBF0F0E8814008FFF78EFF0020F8BD1C
:105AF000A0000020F8B5054610F0700F4FF000062A
:105B000001D0012004E015B18DF8006002E04020D2
:105B10008DF80000244C6B4601222068817C60686F
:105B20000078FFF7DCF94FF0FF3760BB9DF800000D
:105B300020F0400020738DF80060680602D4042035
:105B40008DF80000A80605D49DF8000040F0020082
:105B50008DF80000E80605D49DF8000040F0010033
:105B60008DF80000280705D49DF8000040F03800AB
:105B70008DF8000020686B460122C17C60680078C7
:105B8000FFF7ADF910B1A6723846F8BD25B1082D62
:105B900002D00020FFF706FFA57226753220FBF722
:105BA000FDFD0020F8BD0000A0000020F8B51600A3
:105BB0000D464FF0FF371FD0104CA17AE1B1010A1A
:105BC0008DF80010C0B28DF801004119606842895B
:105BD000914211D8216800786B46097E0222FFF7B6
:105BE0007EF948B92068EAB23346417D60680078A2
:105BF000FFF775F9002800D03846F8BDA000002056
:105C000010B5EFF3058111B16FF0050403E0002436
:105C100008B100F0AFFE204610BD0000EFF3058094
:105C200010B16FF0050070470448016811B14FF0E2
:105C3000FF30704701210160002070477000002094
:105C400010B5EFF3058010B16FF0050010BD0848E6
:105C50000168012902D04FF0FF3010BD054A002134
:105C600082F8141D0221016000F0ECFE002010BD3E
:105C7000700000200BE000E02DE9FF414FEA010336
:105C80004FF00005EFF30581039549BB40B3802732
:105C9000182100244AB3166806B1344696691EB12D
:105CA0003146761E382E02D21679F60703D0002030
:105CB00004B0BDE8F081566906B1B708D2F808C053
:105CC000BCF1000F0DD0D5685C2D18D312693AB124
:105CD00036B18DE806103A46214601F026FA0390C7
:105CE0000DE0D6685EB912694AB903AACDE900127F
:105CF000BAB2214601F0ECF9012800D003950398CF
:105D0000D6E700002DE9F041134C0F460546E66842
:105D10002068001D00F0FAFC681C07D137B121682B
:105D2000BDE8F0410D48091D00F040BD2068354434
:105D3000B5424560216805D2A06BBDE8F041091D60
:105D400000F01CBD606B091D00F018FDA06A8542C3
:105D500000D2A562BDE8F081200000205807002095
:105D60002DE9F041054600F02DFD2D4CA068401CAA
:105D7000A06020682B4F10B1606930B32BE0256024
:105D8000A068012827D1002606EB860007EB8000DB
:105D900000F0E6FC761C382EF6D3234800F0E0FC39
:105DA0002148143000F0DCFC1F48283000F0D8FCFB
:105DB0001D483C3000F0D4FC1B48503000F0D0FCB3
:105DC000194860631430A06305E02068E96AC06A7E
:105DD000884200D82560606A401C60626864E86A96
:105DE0002169884200D9206100EB800007EB800028
:105DF000291D00F0DBFC00F005FD606900280CD0D7
:105E00002068E96AC06A884207D208494FF080508A
:105E10000860BFF34F8FBFF36F8FBDE8F0810000C4
:105E200020000020A80200200807002004ED00E068
:105E300038B500F0C7FC104C2068C8B90F4800F016
:105E40008FFC0E48143000F08BFC0C48E0601430DE
:105E500020610A4B0020F03B009003F1500210211A
:105E60000A2000F0D7FE206010B105A100F04CFD23
:105E7000BDE8384000F0C6BC5C0000205C08002093
:105E8000546D72510000000030B4026C0B46002AC1
:105E90000BD0C1681144C1608468A14201D301687C
:105EA000C16030BC1846FAF756BB30BC70472DE9CC
:105EB000F041856B174604460026026C82B1C7B1DB
:105EC000E068FAF748FBE168206C091AE160226893
:105ED000914202D2A168081AE060022F16D017E0A2
:105EE0002068A8B9A06801F0C3F906460020A060A8
:105EF0000EE06068FAF72FFB216C60680844606070
:105F0000A168884204D32068606001E005B16D1E7D
:105F10006D1CA5633046BDE8F08110B5044690F8CD
:105F2000590058B101280CD002280FD0502080F31E
:105F30001188BFF34F8FBFF36F8FFEE7206B00F028
:105F400075FC2046BDE8104000F070BC10BD00009C
:105F500010484FF44061420706D0C01D0D4920F0A3
:105F60000700411AC1F540610B4A00230144C2E910
:105F700000030839183A21F0070111604B600B60EB
:105F80000B1AC0E9001393604FF00040536050615A
:105F9000704700003C0F00208C000020144E154C70
:105FA000A6F29C474FF08058DFF84C9012E000BFFB
:105FB00000F008FCF068C568281D00F0A7FBA06889
:105FC000401EA0606068401E606000F01BFC284618
:105FD000FFF7A3FF60680028EAD138680128F9D9E3
:105FE000C9F80080BFF34F8FBFF36F8FF2E7000057
:105FF000440700202000002004ED00E070B51D469D
:10600000049C51B1C4F80020C4E90F0101212046CD
:1060100000F034FE84F84C5070BD2460F4E70000BA
:106020002DE9F05F8846DDE90B9415468346910023
:106030009A460A9EA522206BFAF7D2FA6FF0030166
:10604000206B01EB8501084420F00707780707D093
:10605000502080F31188BFF34F8FBFF36F8FFEE79F
:106060000025B8F1000F0FD05FF00000221818F8DB
:10607000001082F8341018F8001011B1401C1028DC
:10608000F4D384F8435001E084F83450382E00D320
:106090003726E662C4E91365201D00F06CFB04F1AD
:1060A000180000F068FB2461C6F138006462A0614A
:1060B000656584F8585052465946384600F05AFAF9
:1060C0002060B9F1000F01D0C9F80040BDE8F09F91
:1060D00030B5114900E011460A688242FBD34B6893
:1060E0005C18844203D140681844486008464368FD
:1060F0001C18944209D1084C183C2468A24209D0CB
:1061000052681A4442600A6812680260814200D0F4
:10611000086030BD0460F9E78C00002070B50024F1
:1061200041600B4D0061914206D8D11A82699142BB
:1061300006D2011D286907E09A4203D2994201D391
:10614000012403E0011DE86800F018FB204670BD43
:106150005C00002010B5044600F034FBA06B28B1B1
:106160005FF0000400F04EFB204610BD0124F9E76B
:1061700030B589B03C4D6EE00498002806DADDE9C0
:106180000601059A90470498002864DB069C606924
:1061900010B1201D00F0BAFA03A800F0D7F80246AB
:1061A00004980A2857D2DFE800F00505052D334A88
:1061B00005052D3394F8280040F0010084F82800EC
:1061C0000599A069059B01442046FFF7A7FF68B326
:1061D000216A2046884794F8280040073BD50020D4
:1061E00000900598A169002342181946204601F045
:1061F00049F9D8B9502080F31188BFF34F8FBFF30E
:106200006F8FFEE714F8280F20F00100207022E0C5
:1062100094F8280040F0010084F828000598A06157
:1062200028B1811813462046FFF778FF13E050206D
:1062300080F31188BFF34F8FBFF36F8FFEE794F8A1
:106240002800810703D4204600F0F0FA03E020F094
:10625000010084F82800002204A9286800F062FEEA
:10626000002889D109B030BD5C0000202DE9FC4137
:106270000F46054600F02AFC01A800F067F8044626
:10628000019818B101F06CF8BDE8FC81254EAFB162
:1062900030690068D0B30027291B3A46306800F007
:1062A00047FB01F05DF80028EED11F494FF0805008
:1062B0000860BFF34F8FBFF36F8FE5E7A542EBD8C0
:1062C00001F04EF8F0682746C068C468201D00F051
:1062D0001DFA94F82800410719D5A0692B464119E9
:1062E0003A462046FFF71AFFA8B1002003460146B0
:1062F00000902A46204601F0C5F860B9502080F38E
:106300001188BFF34F8FBFF36F8FFEE707E020F0D8
:10631000010084F82800216A20468847B4E7012755
:10632000BAE700005C00002004ED00E00648416B85
:10633000096829B1416BC968C968496881627047B9
:106340004FF0FF31FAE700002000002070B505464D
:1063500000F024FF064E0446B068844203D200F0E9
:1063600009F8012000E0002028602046B46070BDDC
:106370005C000020F8B5194D20E0C068C4680668CC
:10638000201D00F0C3F9216A2046884794F82800B0
:10639000400713D5A0693044B04206D9246160603B
:1063A000211DE86800F0EAF908E0002003460146F4
:1063B00000903246204601F065F838B1E86801687F
:1063C0000029DAD12969C5E90310F8BD502080F30E
:1063D0001188BFF34F8FBFF36F8FFEE75C00002083
:1063E00008484068401C4FF0500080F3118804D0EA
:1063F000BFF34F8FBFF36F8FFEE7BFF34F8FBFF336
:106400006F8FFEE794000020074CE068016841B1FF
:10641000C0680021D0F80000FFF728FFFFF7A8FEB2
:10642000F3E701210020F7E75C0000202DE9F041AF
:10643000044600F0C7F994F9455004F1240609E038
:10644000606A48B1304600F053FF08B100F0C0FA6E
:106450006D1E6DB2002DF3DC4FF0FF3684F8456001
:1064600000F0D0F900F0AEF994F9445004F11007AF
:1064700009E0206948B1384600F03AFF08B100F061
:10648000A7FA6D1E6DB2002DF3DC84F84460BDE800
:10649000F04100F0B7B900002DE9F04105460027B2
:1064A00000F014FB324E306808B9FFF751FD7069F7
:1064B00005424ED1C5B3083568070ED005F0070078
:1064C000C0F108000544680707D0502080F3118808
:1064D000BFF34F8FBFF36F8FFEE72DB37068854218
:1064E00037D82348183001460C6801E020460C4696
:1064F0006168A94202D221680029F7D131688C4233
:1065000027D007682168016060680837411B10299F
:106510000FD96019420708D0502080F31188BFF3CB
:106520004F8FBFF36F8FFEE713E041606560FFF7A9
:10653000CFFD61687068401A7060B268904200D206
:10654000B060706901430020C4E90001F068401C9C
:10655000F06000F005FF780707D0502080F3118825
:10656000BFF34F8FBFF36F8FFEE73846BDE8F08172
:106570007400002010B5031F4FF080741C601B1FB7
:1065800021F001011960191F024B0B6014394038CA
:106590000A6010BDE163000810B588B0694604A820
:1065A000FFF774F8072805D01DA000BFF9F7B0FE6B
:1065B00008B010BD07A8FEF759FD049801F09AFE37
:1065C00007990C4601F0C2FE01F058FE04900598B0
:1065D00001F090FE214601F0B9FE01F04FFE05905A
:1065E000069801F087FE214601F0B0FE01F046FE5C
:1065F000069004A8FDF75AFF03A8FEF7FBFCBDF8C0
:106600000C00009941430091019941430191029985
:10661000414368460291FDF7ABFE0AA0C6E70000C1
:106620006269617320686173206E6F7420626565B2
:106630006E206D6F646966696564202E2E2E2E2E85
:106640002E0A000073657474696E67206269617355
:106650002073756363657366756C6C79202E2E2EBE
:106660002E2E2E0A00000000F8B5144C01462246DA
:1066700094F82460D2E9000200235D1E56B179B17E
:10668000022111E0C17B10786B460122FEF727FC46
:1066900068B90EE0A67A56B111B1617C61B902E029
:1066A0008DF80030EEE701218DF80010EAE728466A
:1066B000F8BD9DF8000060740020F8BDA000002027
:1066C0002DE9F04106460F4601F0B2FA041E0D46D0
:1066D00018BF0120284320F00040C0F17F6000F186
:1066E000E040C00F0ED0301C18BF0120384320F00E
:1066F0000040C0F17F6000F1E040C00F04BF012006
:10670000FAF71DF820462946BDE8F081D0E90132AC
:1067100001699A60D0E901235A604A68824201D136
:1067200082684A60002202610868401E08600868AA
:1067300070470000034B036003F15C000860802099
:106740001060704784080020044B036003F15C0074
:1067500008604FF48070106070470000E00A00206D
:1067600000F108014FF0FF32C0E90112C160016180
:1067700000210160704700210161704730B50B684E
:106780005A1C02D000F1080202E0026904E022462D
:10679000546825689D42FAD953684B6099608A60B5
:1067A000516008610168491C016030BD42684A605F
:1067B00093688B6093685960916008610168491C17
:1067C00001607047502080F31188BFF34F8FBFF3F3
:1067D0006F8F0A494868401C486001280CD108485E
:1067E000006810F0FF0F07D0502080F31188BFF32E
:1067F0004F8FBFF36F8FFEE77047000094000020BB
:1068000004ED00E00849486828B1401E486001D105
:1068100080F311887047502080F31188BFF34F8FA9
:10682000BFF36F8FFEE700009400002070B50028D2
:106830002AD0164DA0F1080460686969084207D1A2
:10684000502080F31188BFF34F8FBFF36F8FFEE7A7
:1068500022683AB1502080F31188BFF34F8FBFF305
:106860006F8FFEE78843606000F030F96068696808
:10687000084468602046FFF72BFC2869401C28610B
:10688000BDE8704000F06CBD70BD000074000020D9
:106890004FF0E02000210161816105494FF47A72D7
:1068A0000968B1FBF2F1491E41610721016170479E
:1068B0001C00002010B5F9F7E1FC114910280ED397
:1068C00000F1E02090F8F0030A78904207D25020BF
:1068D00080F31188BFF34F8FBFF36F8FFEE7094836
:1068E0000068896800F4E060884207D9502080F38E
:1068F0001188BFF34F8FBFF36F8FFEE710BD00000D
:10690000940000200CED00E010B5084B002200BF01
:1069100053F832401CB1521C082AF9D310BD43F879
:10692000321003EBC201486010BD00006802002075
:1069300070B515460E460446FFF744FF94F944101F
:106940000020491C01D184F8440094F94510491CE9
:1069500001D184F84500FFF755FFA06B28B92A46FE
:10696000314604F1240000F051F82046BDE87040A3
:10697000FFF75CBD10B5020014D00F48006B38B1B2
:10698000502080F31188BFF34F8FBFF36F8FFEE766
:1069900000F09CF800211046FFF7B4F900F0E0FC8D
:1069A000002807D105494FF080500860BFF34F8F92
:1069B000BFF36F8F10BD00002000002004ED00E049
:1069C00002490A6A0260C9684160704720000020DD
:1069D00001490120C86170472000002010B50C4615
:1069E00050B1094909681831FFF7C8FE2046BDE8D3
:1069F00010400121FFF786B9502080F31188BFF3C2
:106A00004F8FBFF36F8FFEE72000002070B5144654
:106A10000D4668B10A4909681831FFF7C7FE0CB185
:106A20004FF0FF3521462846BDE87040FFF76AB9B0
:106A3000502080F31188BFF34F8FBFF36F8FFEE7B5
:106A40002000002030B587B00024039405AA04A9D3
:106A500003A80494FFF76EFEDDE903010094CDE97D
:106A60000110002315A11748059A00F05EFB164D92
:106A70000028E8621FD000F0D5FC012809D0401C96
:106A800019D1502080F31188BFF34F8FBFF36F8F60
:106A9000FEE7502080F31188BFF34F8FBFF36F8F55
:106AA0004FF0FF30A86201206861EC6007B0BDE8DC
:106AB000304000F045B807B030BD000049444C45B7
:106AC000000000009D5F0008200000200248016BCC
:106AD000491C01637047000020000020164810B5D3
:106AE000016B11B10121C16110BD0021C1610169BA
:106AF000124A01E0B9B1491E01EB810352F823307B
:106B0000002BF7D001EB810302EB830202F10804B2
:106B100053685B685360A34201D15B685360DA68D5
:106B20000260016110BD502080F31188BFF34F8FC8
:106B3000BFF36F8FFEE7000020000020A8020020B6
:106B40001CB5264908780190FF20087008788DF858
:106B500000009DF800009DF8002000F0F000904239
:106B600007D0502080F31188BFF34F8FBFF36F8F92
:106B7000FEE79DF800001A4C00F05000207007203E
:106B8000A06005E09DF8002052008DF80020401E16
:106B90009DF800201206F5D4A060032807D05020ED
:106BA00080F31188BFF34F8FBFF36F8FFEE74FF471
:106BB0004070A060019808700A48016841F47001B3
:106BC0000160016841F070410160FFF761FE002043
:106BD0006060F9F71DFB00201CBD000000E400E030
:106BE0009400002020ED00E010B5502080F31188C3
:106BF000BFF34F8FBFF36F8F00F0D6FA18B104497F
:106C00004FF080500860002080F3118810BD000014
:106C100004ED00E038B5049D18B153B1CAB181B19B
:106C200020E0502080F31188BFF34F8FBFF36F8FA8
:106C3000FEE7502080F31188BFF34F8FBFF36F8FB3
:106C4000FEE7502080F31188BFF34F8FBFF36F8FA3
:106C5000FEE739B1502080F31188BFF34F8FBFF3A7
:106C60006F8FFEE750241C46012384F846302B46E4
:106C70000094FFF7C3F9204638BD000070B50D46FB
:106C8000040025D0FFF79EFDD4E90F20216802FB08
:106C90000011A1600021A163216861600A46D4E966
:106CA0000F01401E00FB0121E16021464FF0FF3043
:106CB00001F8440F487004F110008DB1FFF750FD4A
:106CC00004F12400FFF74CFDFFF79CFD012070BD8F
:106CD000502080F31188BFF34F8FBFF36F8FFEE713
:106CE00021690029F0D000F003FB0028ECD0044912
:106CF0004FF080500860BFF34F8FBFF36F8FE3E713
:106D000004ED00E02DE9FF4782B01D468A464FF0B2
:106D10000008040003D0BAF1000F08D011E05020A1
:106D200080F31188BFF34F8FBFF36F8FFEE7206CA6
:106D300038B1502080F31188BFF34F8FBFF36F8FAE
:106D4000FEE7022D0AD1E06B012807D0502080F326
:106D50001188BFF34F8FBFF36F8FFEE700F010FA7B
:106D60003F4F4FF000094FF0805648B9049838B1B2
:106D7000502080F31188BFF34F8FBFF36F8FFEE772
:106D8000FFF720FDA06BE16B884207D3022D05D0F1
:106D90000498D0B1B8F1000F1AD01EE02A4651462F
:106DA0002046FFF784F8616A19B104F1240000F06D
:106DB0009FFA20B13E60BFF34F8FBFF36F8FFFF795
:106DC00021FD012006B0BDE8F087FFF71BFD22E0A2
:106DD0006846FFF7F5FD4FF00108FFF713FDFFF7D9
:106DE00075FEFFF7EFFC94F94400401C01D184F8D4
:106DF000449094F94500401C01D184F84590FFF778
:106E000001FD04A9684600F029F930B12046FFF7DA
:106E10000DFB00F0A5FA0020D4E7FFF7D3FCA06B30
:106E2000E16B884213D1FFF7EDFC04F110000499E7
:106E3000FFF7D4FD2046FFF7F9FA00F091FA002899
:106E40009ED13E60BFF34F8FBFF36F8F98E7FFF780
:106E5000D9FC2046FFF7EAFA00F082FA90E700003A
:106E600004ED00E02DE9F0471F46904689460400F6
:106E700003D0B9F1000F08D011E0502080F3118841
:106E8000BFF34F8FBFF36F8FFEE7206C38B15020F8
:106E900080F31188BFF34F8FBFF36F8FFEE7022F90
:106EA0000AD1E06B012807D0502080F31188BFF38E
:106EB0004F8FBFF36F8FFEE7FFF7FCFC5020EFF31F
:106EC000118680F31188BFF34F8FBFF36F8FA06BD4
:106ED000E16B884206D3022F04D0002086F311888C
:106EE000BDE8F08794F94550A06B3A4649462046E4
:106EF000FEF7DDFF681C04D06D1C84F845500120AE
:106F0000ECE7606A0028FAD004F1240000F0F0F900
:106F10000028F4D0B8F1000FF1D00121C8F800101A
:106F2000EDE700002DE9F747002683B08A4604000C
:106F300003D0BAF1000F08D011E0502080F311887F
:106F4000BFF34F8FBFF36F8FFEE7206C38B1502037
:106F500080F31188BFF34F8FBFF36F8FFEE700F010
:106F60000FF9DFF8F4804FF000094FF0805748B96F
:106F7000059838B1502080F31188BFF34F8FBFF3CD
:106F80006F8FFEE7FFF71EFCA56BC5B1514620468B
:106F9000FEF77AFF6D1EA563206950B104F1100061
:106FA00000F0A6F928B1C8F80070BFF34F8FBFF307
:106FB0006F8FFFF727FC012006B0BDE8F08705982A
:106FC00008B11EB106E0FFF71DFC27E06846FFF799
:106FD000F7FC0126FFF716FCFFF778FDFFF7F2FB41
:106FE00094F94400401C01D184F8449094F9450080
:106FF000401C01D184F84590FFF704FC05A96846C0
:1070000000F02CF8002820460AD0FFF70FFA00F015
:10701000A7F92046FFF79EF80028B3D00020CBE761
:10702000FFF798F890B104F124000599FFF7D6FC1A
:107030002046FFF7FBF900F093F90028A2D1C8F829
:107040000070BFF34F8FBFF36F8F9BE72046FFF7B2
:10705000EDF900F085F995E704ED00E02DE9F04148
:107060000C46050011D0C4B1FFF7ACFB174BDA6832
:107070006E682068911B471C17D02F681B6A9F42BF
:1070800019D0964217D8012410E0502080F31188BF
:10709000BFF34F8FBFF36F8FFEE7502080F311884F
:1070A000BFF34F8FBFF36F8FFEE70024FFF7AAFBFC
:1070B0002046BDE8F081884205D9401A2060284664
:1070C000FFF77EFCF1E700202060DCE720000020D5
:1070D0002DE9FF5F8346DDE90E87994616468A460D
:1070E0009000FFF7D9F905001CD05C20FFF7D4F918
:1070F000040014D00020256384F85900CDE9024033
:10710000CDE900874B46324651465846FEF788FF88
:107110002046FEF725FE012004B0BDE8F09F28467A
:10712000FFF784FB4FF0FF30F6E7F0B585B0DDE9FF
:107130000B640A9DA6B1DCB15C270097266302268A
:1071400084F85960002604AFCDE90246CDE9005726
:10715000FEF766FF2046FEF703FE049805B0F0BD7B
:10716000502080F31188BFF34F8FBFF36F8FFEE77E
:10717000502080F31188BFF34F8FBFF36F8FFEE76E
:107180000548416919B1006B18B100207047012012
:107190007047022070470000200000200148C068AE
:1071A00070470000200000202DE9F0412E4C002700
:1071B000206B28B1A069401CA0613846BDE8F08171
:1071C000E668761CE66013D1606B006838B1502029
:1071D00080F31188BFF34F8FBFF36F8FFEE7606BB3
:1071E000A16B6163A063206A401C2062FFF79EF8D8
:1071F000A06ADFF87880864209D3606B0068A0B18E
:10720000606BC068C5686868864211D2A062206859
:10721000C06A00EB800158F82100012800D901273D
:10722000E0690028C9D00127C7E74FF0FF30EDE73C
:10723000281DFFF76BFAA86A18B105F11800FFF7CF
:1072400065FAE86A2169884200D9206100EB800173
:1072500008EB8100291DFFF7A9FAE86A2168C96ACD
:107260008842CAD30127C8E720000020A8020020D6
:1072700070B504004FF0000133D01B4D28688442E4
:1072800007D0502080F31188BFF34F8FBFF36F8F6B
:10729000FEE7206D38B1401E2065E36CE26A9A4239
:1072A0001FD040B11DE0502080F31188BFF34F8FF5
:1072B000BFF36F8FFEE7201DFFF728FAE06CE06256
:1072C000C0F13800A061E06A2969884200D92861CC
:1072D000064900EB800001EB8000211DFFF766FAF4
:1072E0000121084670BD000020000020A8020020F7
:1072F00070B5C068C46854B104F118000646FFF7C1
:1073000005FA144D286B50B13146134815E0502052
:1073100080F31188BFF34F8FBFF36F8FFEE7201DFF
:10732000FFF7F4F9E06A2969884200D928610B491E
:1073300000EB800001EB8000211DFFF737FAE06AC7
:107340002968C96A884202D90120E86170BD00201D
:1073500070BD00002000002030070020A80200209F
:107360002DE9F0472C4D00242746286B38B1FFF754
:1073700029FA286B401E2863286B40B146E0502054
:1073800080F31188BFF34F8FBFF36F8FFEE7A968BB
:10739000224E0120D1B3A6F5916980463068E0B154
:1073A000F068C46804F11800FFF7B0F9201DFFF77A
:1073B000ADF9E06A2969884200D9286100EB8001B3
:1073C00009EB8100211DFFF7F1F9E06A2968C96A1C
:1073D0008842E3D3C5F81C80E0E70CB1FEF7A6FFB6
:1073E000AC694CB14FEA0806FFF7DEFE00B1EE6172
:1073F000641EF9D10020A861E86938B10849012765
:1074000038070860BFF34F8FBFF36F8FFFF7FAF9AC
:107410003846BDE8F087000020000020300700203B
:1074200004ED00E010B586B0FEF702FD114C2068B7
:10743000B8B100200390049005AA04A903A8FFF79F
:1074400083F9DDE9032102208DE8070000230AA16A
:107450000B48059AFFF769FE606010B106B0012085
:1074600010BD502080F31188BFF34F8FBFF36F8F93
:10747000FEE700005C000020546D7220537663002C
:10748000096400082DE9FF411E46134602000A9DCB
:107490004FF0000016D0144C2768002F0FD0CDE914
:1074A00000130292062917DAFFF76AFE02284FF04E
:1074B00000030FD0002269462068FFF723FC04B0C8
:1074C000BDE8F081502080F31188BFF34F8FBFF3E8
:1074D0006F8FFEE72A46EEE70023324669463846BC
:1074E000FFF7C0FCEBE700005C00002010B50029AE
:1074F0000AD00878002807D005487844F9F742FDFB
:10750000002801D0002010BD0248784410BD0000C2
:107510000E2100000621000021F00042A2F160527D
:10752000B2F5801F01F0004328BFD2F17F6C0BD968
:107530005FEA001C43EAC20242EB507018BF70477A
:1075400028BF20F001007047B2F5801FBCBF18466D
:1075500070474FEA410C1CF5001F02D2084600F0AC
:10756000BCBF70B500F004FB00000089FFF7F6BF58
:107570004FF00040A0F580007047000010B591EA80
:10758000030F48BF83F0004300F14084841A71EB7D
:10759000030C05D2121943EB0C03001B61EB0C0129
:1075A000DFF824E14FEA1154A4EB135C1EEA430F09
:1075B00018BF9EEA445F73D023EA0E03DCF1200E6D
:1075C00021EA045143F4801332D322FA0CFE10EB6B
:1075D0000E0023FA0CFE41EB0E01CCF1200E03FA53
:1075E0000EFE10EB0E0051F10001B1F5801FCCF141
:1075F000200E32D201EB045112FA0EF2BDE8104017
:1076000058BF7047401C38BF5FEA420218BF70473E
:10761000002814BF20F0010041F100014FEA4103AE
:1076200013F5001F38BF7047A1F1C04100F0EEBA5A
:10763000012A43EB0302ACF1200CDCF11F0E32BF38
:107640004FF0000E23FA0CF310EB030041EB045152
:10765000B4EB115FD0D0A1EB045101F580114908C2
:107660005FEA300001EB04510ED350F1000038BF47
:1076700012FA0EFE08D1BDE81040C9E7401C38BF21
:107680005FEA4202CAD1C3E7BDE810404FEA4103B6
:1076900013F5001F38BF7047A1F1C04100F0B6BA22
:1076A0009EEA445F08D011EA5E0FBDE8104004BFB7
:1076B00001F0004100207047BDE8104070B500F0B7
:1076C00057FA00BF64FBBE3E0000E0FF02494FF0E6
:1076D000000000F07EBF00BF0000F87F491058BFD7
:1076E000C1F140415B1058BFC3F140438B42EFF3FF
:1076F000008070472DE9C04130B4DFF8A0C23CEAF9
:10770000111418BF3CEA131400F0EC8081EA030561
:107710001CEA111444EAD57418BF1CEA131500F0D2
:10772000C780A4EB05044FF0004545EAC12145EAB6
:10773000C32341EA505143EA525304F17F74994202
:1077400004F500344FEAC0204FEAC22208BF90423D
:1077500000F09C804FEA13650FF24016765D4FEA09
:10776000134506FB05F7C7F1807706FB07F74FEADD
:10777000D737A7FB03687642C8F58038A7FB06CE4B
:1077800038BFA8F1010807FB08E64FF0000EA6FB82
:10779000028CE6FB03CEDCF1000CCEF1004E38BFCC
:1077A000AEF1010EA6FB0C584FF000074FF000059C
:1077B000E6FB0E87A1FB08C6A0FB07CE16EB0E0664
:1077C00045F10005E1FB076515F1E04E7EBFA4F52C
:1077D00080345FEA46066D4116F1800745F10005E9
:1077E0004FEA17274FEA066647EA0567A6F1DE4625
:1077F000B6F1805F4FEA15251FD9384624F0010CF9
:1078000005EBC471BCF1FE6F01EB0C1102D8F0BCAA
:10781000BDE8008124425CBF01F5801E9EEAC47F62
:1078200002D4F0BCBDE80081244238D4F0BCA1F100
:10783000C041BDE8004100F0E9B94FEAD22242EA76
:1078400043524FEAD323A7FB02864FEAD02040EAF7
:10785000415007FB03661EEA0E0F4FEAD12105FBDC
:10786000026658BFA6EB0056B6EB00564FEA520E22
:107870004EEAC37E18EB0E0E56EB530EBDD518EB39
:1078800002085E417F1C55F10005B6E74FF48015F4
:107890004FF000074FF000064FF00008ADE7F0BCD6
:1078A0004FF0000001F1C04101F00041BDE800814E
:1078B00011EA0C1F0CEA131500D00CE013EA0C1FA0
:1078C00000F025804FF00000F0BC81EA030101F0D8
:1078D0000041BDE80081F0BCBDE8004181EA030140
:1078E00000F094B9F0BCBDE8004170B500F040F97B
:1078F000097EFC3E00F007B881EA03014FF000006A
:1079000001F00041704781EA030100F07FB9F0BC4B
:10791000BDE800414FF0000021497047FFFDFBF931
:10792000F7F5F4F2F0EEEDEBE9E8E6E4E3E1E0DEB2
:10793000DDDBDAD8D7D5D4D3D1D0CFCDCCCBCAC824
:10794000C7C6C5C4C2C1C0BFBEBDBCBBBAB9B8B74B
:10795000B6B5B4B3B2B1B0AFAEADACABAAA9A8A83E
:10796000A7A6A5A4A3A3A2A1A09F9F9E9D9C9C9B0C
:107970009A999998979796959594939392919190B7
:107980008F8F8E8E8D8C8C8B8B8A89898888878748
:107990008685858484838382828181800000FF07BD
:1079A0000000F87F51EA030C17D41CF5801F58BF64
:1079B000BCF5801F00F10680994218BF704708BFD0
:1079C0009042704707D711F5801F58BF13F5801FED
:1079D00019D499427047894270471CF5801F08D519
:1079E000BCF5801FF7D58B4218BF704708BF824295
:1079F00070474FF4001C1CEB410F38BF1CEB430FCA
:107A000001D28B42704770B500F0B2F89224490061
:107A10004FF000514FF08053FFF760BEDFF848C1D0
:107A200070B51CEA111E1EBF1CEA13159EEA0C0F4E
:107A300095EA0C0F00F06F8081EA030423EA4C13EF
:107A40004EEAD47E21EA4C1141F4801143F48013B4
:107A5000AE44A1FB024CA0FB0365AEF17F7E36195C
:107A600055EB0C05A1FB034C4CF10003A0FB021CE1
:107A700016EB0C06654153F10003094218BF46F0AE
:107A8000010613F4007F0BD14FEA03314FEA0530B2
:107A9000340341EA155140EA16506FF003020AE040
:107AA0004FEAC3214FEAC520F40241EA555140EAAA
:107AB00056506FF0020202EB2E4201EB025585EAAE
:107AC000CE710AD05FEA440C18BF24F0004450F194
:107AD000000041F1000120EAD47040F2FE7C6245D2
:107AE00000D270BDA84214BF4FF080444FF0404414
:107AF000002E08BF0024BEF1806FA8BFA1F1C041D5
:107B0000BDE8704080F282804FF0000001F1C0417A
:107B100001F0004170479EEA0C0F0CEA131518BFE4
:107B200095EA0C0F06D04FF0000081EA030E0EF02C
:107B3000004170BD00F01CF88900013E00F007B85C
:107B400000F009B84FEA430C5FEA5C5C08D081EAB8
:107B5000030100F05BB84FEA410C5FEA5C5CF6D1D0
:107B60004FF00000014970470000FF070000F87F58
:107B70000EF1020E2EF0030E5EF8046B364205D4B1
:107B8000012A43EB030515F5001F12D8012841EB2C
:107B9000010C1CF5001F0CD80ED14FEAD17C15F555
:107BA000001F0CEB4C0C0CF1020C08BF4CEBD37C0F
:107BB00004E04FF0080C01E04FEAD37C0CEB4C05DD
:107BC00026FA05F606F00706B6F1040C06D20EEB0F
:107BD000860CBDE870404CF0010C6047DFE80CF00B
:107BE000090B02024FF000414FF00000A1F5002107
:107BF00070BD19461046012851EB010418BFD4F599
:107C0000001484BF002001F0004170BD0808A0F5F9
:107C100000114FEA3101704791EA030F10B581F06E
:107C200000413FF5B3AC83F0004300F0EFB8000033
:107C30002DE9F04101F5801CBCF5001FC0F2C380A6
:107C40004FEA115C21EA0C510CF1FD0C41F480115A
:107C50005FEA5C0C0CF5C07C01D3400049413DA4B7
:107C6000890241EA905187028E0E0A0CA45D04FB42
:107C700004F602FB06F6C6F14046A4FB0662F60DCA
:107C800046EA422606FB06F4A4FB01235242C3F156
:107C9000404338BF5B1EA6FB02420024E6FB0324E0
:107CA000D20B42EA4446A6FB0623A1FB02E2A3FB59
:107CB00007E4A4184FF0000252F10002E3FB014276
:107CC0006442C2F1404E38BFAEF1010EA6FB042360
:107CD0004FF00002E6FB0E32A2FB03464FF0000419
:107CE000B61954F10004E2FB0264A1FB06E6A4FB12
:107CF00007E816EB08064FF0000858F10008E4FB0F
:107D000001687642C8F1405838BFA8F10108A2FBCB
:107D100006E4A3FB08E52D194FF0000454F100041C
:107D2000E2FB0854A1FB05E6A7FB04E818EB0608F4
:107D30004FF0000656F10006E1FB048618F120051D
:107D400056F10006A809A8F11B08B10908F03F0880
:107D5000B8F10A0F40EA86601CD901EB0C51BDE86E
:107D6000F08100BFFCF5EEE8E2DDD8D3CFCBC7C38E
:107D7000C0BDB9B6B4B1AEACA9A7A5A3A19F9D9B48
:107D80009A9896959392908F8D8C8B89888786850B
:107D900084838281A0FB006800FB01F208EB4208AB
:107DA000B8EB872807D5341858EB0104D5D5401C0B
:107DB00051F10001D1E7341A78EB0104CDD4401E13
:107DC00071F10001C9E75FEA4C0C5FEA9C5C0DD1E0
:107DD00005D34FF0000001F00041BDE8F081BDE89F
:107DE000F04170B5FFF7C4FE6DDBFFBEBDE8F041AA
:107DF0004FF00000004970470000F87F10B591EA8D
:107E0000030F48BF83F000433FF5C0AB841A71EB0A
:107E1000030C07D212198CF0004C43EB0C03001B2F
:107E200061EB0C01DFF8A4E14FEA1154A4EB135C01
:107E30001EEA430F18BF9EEA445F00F0B08023EAB9
:107E40006E03524221EA0451C3EB6E0338BF5B1E3E
:107E5000DCF1200E25D322FA0CFE10EB0E0043FAC3
:107E60000CFE41EB0E01CCF1200E03FA0EFE10EBDE
:107E70000E0051F10001CCF1200E29D412FA0EF2BD
:107E800001EB0451BDE8104058BF7047401C1CBFB7
:107E9000B2F1004F704700280CBF491C20F00100D0
:107EA000704712EB020E43EB030218BF4FF0010EB6
:107EB0004EEA4202ACF1200CDCF11E0E54D943FA1A
:107EC0000CFE10EB0E0051F1FF31CCF11E0ED5D59A
:107ED0000EF1010E12FA0EFE404141EB010101EBE1
:107EE000445C5FEA5C5C10D910EBDE7001EB04517E
:107EF00038BFBEF1004FBDE8104018BF70470028E2
:107F00000CBF491C20F00100704730D24FEAD42C3E
:107F100011F5001124F400641BD0B1FA81F20B3A80
:107F2000A41AA41ED2F12003914030FA03F319439E
:107F3000904001EBCC71002C01EB0451BDE81040E6
:107F4000A8BF704701F1C0414FF0000001F00041AF
:107F50007047B0FA80F310FA03F100D110BDE41AB3
:107F6000173C4805C90AE4E701EB045110BD49106C
:107F700001EB0451BDE810404FEA300002E04FF041
:107F8000000170474A0008BF0042F8D0B2F5001F58
:107F900028BF704701F000414FF0000070479EEA93
:107FA000445F07D011EA5E0FBDE8104004BF002116
:107FB00000207047BDE8104070B5FFF7D9FD00BF45
:107FC00040DFF63E83F00041104670470000E0FFBE
:107FD00043004FEAD30C4FEA3C0C43401FBF40071D
:107FE0000CF1605113F0FE4F70471CF0006F03D18D
:107FF00000200CF0004170470CF0004343EA507041
:1080000010B540EACC0000F022FA00BF0000009258
:108010004FEA0001FFF7FABD4FF000414FF00000BA
:10802000A1F500217047000090EA010F48BF81F0E0
:10803000004100F15E82421A3CBF801A89184FEA63
:10804000D0524FF07F4C1CEA410FA2EBD15318BF26
:108050009CEA026F00F03B804FF0004C4CEA00209D
:108060004CEA012121FA03FC10EB0C0C1ED202F1A8
:10807000FF325FEA1C2040EBC25038BF70471CF053
:108080007F0F4FEA400C18BFBCF17F4F38BF7047DD
:10809000C3F12003994008BF20F00100BCF17F4FDD
:1080A00038BF7047A0F1C04000F017BA4FEA3C005B
:1080B000000A40EBC25028BF1CF0FF0F4FEA400CF3
:1080C000E6D018BFBCF17F4F38BF7047EAE79CEAA3
:1080D000026F05D010EA5C0F08BF00F00040704747
:1080E00010B500F0B4F900BF64FBBE3E014800F0DB
:1080F00070BA00BF0000C07F4FF47F0C1CEAD012A2
:108100001EBF1CEAD11392EA0C0F93EA0C0F00F089
:10811000858090EA010F48BF42F4807240F4000C61
:1081200041F400002CF07F4120F07F4000B58142F7
:10813000A2EB03020FF2081CACEB504EC0F10000A2
:108140009EF800E04FEA4E0E00FB0EFC38BF4900DF
:108150004FEA2C1C02F5FA020CFB0EF34FEACE1E7E
:108160004FEA112C4FEAC1210EEB635E42EB224233
:108170000EFB0CFC4FEA1C5300FB03114FEA112CC1
:108180004FEA01310EFB0CFC4FEADC4C00FB0C11FA
:10819000C14228BF09184CEB03335DF804EB10EB28
:1081A000410143EBC250B2F57C0F38BF704729D56F
:1081B00012F0F00F1CBF00F1C04000F0004070470B
:1081C000008182838485868788898B8C8D8E8F91B0
:1081D0009293959697999A9C9D9FA0A2A3A5A7A8D4
:1081E000AAACAEB0B2B3B5B7B9BCBEC0C2C5C7C900
:1081F000CCCED1D4D7D9DCDFE2E6E9ECF0F3F7FA64
:10820000FE0000004FEA400C0CF1807CBCF17E4F78
:1082100028BF7047B0F1C04000F05FB990EA010F8D
:108220000CEAD11348BF42F48072624538BF6345FF
:1082300007D213F47F0F16D080EA010000F000404F
:10824000704710B500F003F9097EFC3E00F005B858
:1082500080EA010000F00040704780EA010000F071
:10826000004000F03AB912F47F0F04BF0248704793
:1082700080EA010000F031B90000C07F41000B0E20
:10828000D3F19E0208D950F400034FEA032323FAE6
:1082900002F048BF4042704710B500F0D8F800BF68
:1082A00049922480002070476FF0004282EA20004B
:1082B00070470000C10DD1F19E0206DB4FEA00239A
:1082C00043F0004323FA02F07047004207D54FEA1B
:1082D0004001B1F1FE4F02D24FF00000704710B5DF
:1082E00000F0B5F849922480002070476FEA200022
:1082F0007047000010F0004148BF4042B0FA80F3E0
:1083000010FA03F2C3F19D030BD051EAC35101EB04
:108310001220530638BF704700F1010008BF20F05B
:1083200001007047B0FA80F310FA03F2C3F19D0325
:108330000AD0D90501EB1220530638BF704700F16F
:10834000010008BF20F00100704700004FF47F0CCF
:108350001CEAD0121EBF1CEAD11392EA0C0F93EA5A
:108360000C0F00F0478090EA010F48BF42F4807282
:108370004FF0004C4CEA00204CEA012102EB0302D2
:10838000A0FB0113A2F50002002918BF43F001036E
:108390005B0028BF4FEA330342EB22425FEA132C13
:1083A0004CEBC2502EBFBCEB436FB2F57C0F704755
:1083B0004FEA036CBCF1004F08BF20F00100B2F59A
:1083C0007C0F38BF70470BD582F0FF0212F5803F5B
:1083D000C8BF704700F1C040D8BF00F000407047F0
:1083E00000F5000C5FEA4C0C48BF7047B0F1C0408C
:1083F00000F073B890EA010F0CEAD11348BF42F4C1
:108400008072624538BF634504D280EA010000F003
:108410000040704710B500F01AF800BF8900013E17
:1084200000F007B800F009B85FEA410C5FEA1C6C85
:1084300008D080EA010000F050B85FEA400C5FEA23
:108440001C6CF6D14FF00040A0F5800070470EF193
:10845000020E2EF0030E5EF8044B244204D44FEAC1
:108460004102B2F17F4F11D84FEA4003B3F17F4F81
:108470000CD80ED14FEAD07CB2F17F4F0CEB4C0CF4
:108480000CF1020C08BF4CEBD17C04E04FF0080C5F
:1084900001E04FEAD17C0CEB4C0324FA03F404F026
:1084A0000704B4F1040C06D20EEB840CBDE81040B6
:1084B0004CF0010C6047DFE80CF0070802024FF0B7
:1084C0000040A0F5800010BD0846420018BFD2F160
:1084D000807288BF00F0004010BDFF2141EAD050FB
:1084E000C005704790EA010F48BF81F000413FF599
:1084F000A2AD421A04D882F00042A0EB020011445F
:108500004FEAD0524FF07F4C1CEA410FA2EBD153FF
:1085100018BF9CEA026F4AD04FF0004C4CEA002092
:108520004CEA012121FA03FCB0EB0C0C0FD412F041
:10853000FE0F36D05FEA4C001DD5001240EBC25052
:1085400038BF70471CF03F0F18BF70470BE0A2F117
:1085500001025FEA1C2040EBC25038BF70471CF09C
:108560007F0F18BF7047C3F12003994014BF401E0E
:1085700020F00100704780084FEA122308BF7047BF
:10858000B0FA80FCA2EB0C02CCF1280C60FA0CF0E3
:1085900093EA122F04BF00EBC25070474FEAC3703A
:1085A0007047130A5FEADC1008BF7047F6E79CEAE1
:1085B000026F04D010EA5C0F08BF0020704710B5AE
:1085C000FFF745FF40DFF63E81F000407047F8F7C7
:1085D000EEB90CF00F03092B08BF082000F07F80D4
:1085E0000A2B0BD0082B18BF704708BF1CF0400F98
:1085F0000AD04FF000004FF0000170471CF0400F10
:1086000018BF4FF0004070471CF0100F08D020F04A
:10861000704300F07F4242EAD3014FEA4370704753
:1086200000F0604021F07F4242EA000201F07F400A
:1086300040EA727070474FF0FF0C4CF4E06C1CEA9B
:1086400011531CBF9CEA030C9445C2BFDA4201EBF4
:1086500002517047002B0DD0BCF1000F0FD0002A43
:1086600001F00041A4BF41F0E04141F07F614FF0D3
:108670000000704701F000414FF00000704750EAE1
:1086800001334FF09B0C18BF4CF0806C7FF41EA898
:1086900070474FF0FF0212EAD0521CBF92F0FF0366
:1086A0008B42C2BFD14200EBC1507047002A0AD0B2
:1086B000002B0BD0002900F00040A4BF40F0FE408A
:1086C00040F40000704700F00040704743024FF054
:1086D0000B0C18BF4CF0806C7FF408AD70471CF495
:1086E000801F11D01CF4E02F03D06FEACC31490079
:1086F00070474FF04050EFF3008222F0704242EAA0
:10870000000282F3008870474FF0000070470000BD
:108710008C95000800000000000000000000000030
:10872000000000000002000018000000000000002F
:10873000000000008095000800000000000000001C
:10874000000000000000000000040000180000000D
:108750000000000000000000749500080000000008
:108760000000000000000000000000000004000005
:1087700008000000000000000000000001020203E9
:108780000405060708090A0B0C0D0E0F1010000057
:1087900000000000000001020304060708090000B1
:1087A0000000010203046800000476005401F7FD94
:1087B000000175191A0C6A231B1C1F207274433B9D
:1087C0004138393A6B6C376F06246D6E70000000CB
:1087D00083000000000800000001001832000500BE
:1087E000000020410000D242295C0F3E9A99993E38
:1087F0003333733F295C0F3E0000700000000024FB
:10880000000000020003000000650054FFEF0000BC
:10881000FA80000B12820001030C30C30E8C8CE92D
:1088200014D5400213710F8E3883F8833000F8831B
:10883000258EF8833000F883FFFFFFFF0FFEA9D6D7
:10884000240004001A8279A10000003CFFFF000010
:108850000010000038836FA2003E0330400000008B
:1088600002CAE3093E800000200000000000000072
:108870004000000060000000000C0000000C186EBA
:10888000000006920A16C0DFFFFF0256FD8CD37768
:10889000FFE1C496E0C5BEAA00000000FFFF0B2B5D
:1088A00000001657000003594000000000001DFAA8
:1088B00000026C1D000000003FFFDFEB003EB3B67E
:1088C000000D227800002F3C00000000001942B586
:1088D000000039A20000B365D90E9FC91DCF4C34EA
:1088E00030000000500000003BB67AE80064000051
:1088F00000C8000000000000100000001000FA9204
:108900001000225E000D229F0001000000320000D6
:10891000FF46000063D400001000000004D60000F1
:1089200004CC000004CC00000000107200000040E5
:108930000000000000000000000600020005000723
:1089400000000000006400000000000000000005BE
:10895000000500640020000000000000000000008E
:10896000000040000000030000000032F898000002
:10897000FF650000830F0000FF9BFC00000000006B
:1089800000000000000000000000000000000000E7
:1089900000000000000000000000000000000000D7
:1089A0000000000000001000400000000000000671
:1089B0000000B26A000200000001FB8300680000B2
:1089C00000D9FC007CF1FF8300000000006500007E
:1089D000006403E800640028000000250000000097
:1089E00016A000000000100000001000002F000082
:1089F000000001F40000100000280000FFFF458186
:108A0000FFFFFA72000000000000000000440005B3
:108A10000005BAC6004778A200000001000000006F
:108A200000000600000000140000254D002F706DAE
:108A3000000005AE000C02D00000000000000000A5
:108A40000000000000000000001B0000000000000B
:108A500000000000000000000064000000080000AA
:108A60000000000000000000000000000000000006
:108A700000000000000000000000000000000000F6
:108A800000000000000000000000000000000000E6
:108A900000000000000000000000000000000000D6
:108AA00000000000000000000000000000000000C6
:108AB0000000000000000000001B0000000000009B
:108AC00000000000000E000E00000AC700040000B5
:108AD00000000032FFFFFF9C00000B2B0000000293
:108AE0000000000100000064FFE50000000000003D
:108AF0000000000000000000000000010000000075
:108B00000001000000000000000180000001800062
:108B100000018000002426D30000000000000000B7
:108B2000000600100096003C00000000000000005D
:108B300000000000000000000C0A4E68CDCF77094D
:108B400050166759C619CE820000000000000000D0
:108B50000000000000000000000000000000000015
:108B600017D7840003000000000000000000000090
:108B7000C7938F9D1E1B1C19000000000000000001
:108B800000000000000000000000000000000000E5
:108B900002031885000040000000000300000003ED
:108BA0000000000000000000400000000000000085
:108BB00000000000000000000000000000000000B5
:108BC00000000000000000000000000000000000A5
:108BD000000000000000000000000000677DDF7E54
:108BE00072902E554CF6E688000000000000000050
:108BF0000000000000000000D8DCB4B8B0D8B9AB69
:108C0000F3F8FAB3B7BB8E9EAEF132F51BF1B4B8F0
:108C1000B08097F1A9DFDFDFAADFDFDFF2AAC5CDE1
:108C2000C7A90CC92C97F1A989264666B28999A9CA
:108C30002D557DB0B08AA896365676F1BAA3B4B257
:108C400080C0B8A89711B28398BAA3F02408441042
:108C50006418B2B9B49883F1A329557DBAB5B1A30C
:108C60008393F0002850F5B2B6AA839328547CF180
:108C7000B9A3829361BAA2DADEDFDB819AB9AEF5DD
:108C8000606870F1DABAA2DFD9BAA2FAB9A3829207
:108C9000DB31BAA2D9BAA2F8DF85A4D0C1BBAD83BB
:108CA000C2C5C7B8A2DFDFDFBAA0DFDFDFD8D8F1E7
:108CB000B8AAB38DB4980D355DB2B6BAAF8C96191B
:108CC0008F9FA70E161EB49AB8AA872C547CBAA4FC
:108CD000B08AB691325676B28494A4C808CDD8B87A
:108CE000B4B0F19982A82D557D98A80E161EA22C1D
:108CF000547C92A4F02C5078F184A898C4CDFCD870
:108D00000DDBA8FC2DF3D9BAA6F8DABAA6DED8BADC
:108D1000B2B68696A6D0F3C841DAA6C8F8D8B0B4E1
:108D2000B882A892F52C548898F135D9F418D8F166
:108D3000A2D0F8F9A884D9C7DFF8F883C5DADF69CB
:108D4000DF83C1D8F40114F1A8824EA884F311D1B5
:108D500082F5D992289788F109F41C1CD884A8F3CD
:108D6000C0F9D1D99782F129F40DD8F3F9F9D1D905
:108D700082F4C203D8DEDF1AD8F1A2FAF9A88498E7
:108D8000D9C7DFF8F8F883C7DADF69DFF883C3D81B
:108D9000F40114F198A8822EA884F311D182F5D998
:108DA00092509788F109F41CD884A8F3C0F8F9D13F
:108DB000D99782F149F40DD8F3F9F9D1D982F4C4E5
:108DC00003D8DEDFD8F1AD8898CCA809F9D9829212
:108DD000A8F57CF1883ACF944A6E98DB6931DAAD18
:108DE000F2DEF9D88795A8F221D1DAA5F9F417D9DE
:108DF000F1AE8ED0C0C3AE82C684C3A88595C8A587
:108E000088F2C0F1F4010EF18E9EA8C63E56F554CC
:108E1000F18872F40115F19845856EF58E9E0488EF
:108E2000F142985A8E9E068869F4011CF1981E1131
:108E300008D0F504F11E970202983625DBF9D98592
:108E4000A5F3C1DA85A5F3DFD88595A8F309DAA5DE
:108E5000FAD88292A8F578F1881A849F26889821FA
:108E6000DAF41DF3D8879F39D1AFD9DFDFFBF9F4EE
:108E70000CF3D8FAD0F8DAF9F9D0DFD9F9D8F40B35
:108E8000D8F3879F39D1AFD9DFDFF41DF3D8FAFCCF
:108E9000A869F9F9AFD0DADEFAD9F88F9FA8F1CC3A
:108EA000F398DB45D9AFDFD0F8D8F18F9FA8CAF38C
:108EB0008809DAAF8FCBF8D8F2AD978D0CD9A5DF42
:108EC000F9BAA6F3FAF412F2D8950DD1D9BAA6F3ED
:108ED000FADAA5F2C1BAA6F3DFD8F1BAB2B686962D
:108EE000A6D0CAF349DAA6CBF8D8B0B4B8D8AD84C6
:108EF000F2C0DFF18FCBC3A8B2B68696C8C1CBC390
:108F0000F3B0B48898A821DB718D9D71859521D926
:108F1000ADF2FAD88597A828D9F408D8F28D29DAC5
:108F2000F405D9F285A4C2F2D8A88D9401D1D9F460
:108F300011F2D88721D8F40AD8F28498A8C801D1B0
:108F4000D9F411D8F3A4C8BBAFD0F2DEF8F8F8F822
:108F5000F8F8F8F8D8F1B8F6B5B9B08A95A3DE3CC0
:108F6000A3D9F8D85CA3D9F8D87CA3D9F8D8F8F954
:108F7000D1A5D9DFDAFAD8B18530F7D9DED8F83003
:108F8000ADDADED8F2B48C99A32D557DA083DFDF56
:108F9000DFB591A0F629D9FBD8A0FC29D9FAD8A031
:108FA000D051D9F8D8FC51D9F9D879D9FBD8A0D06B
:108FB000FC79D9FAD8A1F9F9F9F9F9A0DADFDFDFFC
:108FC000D8A1F8F8F8F8F8ACDEF8ADDE8393AC2C55
:108FD000547CF1A8DFDFDFF69D2CDAA0DFD9FADBC5
:108FE0002DF8D8A850DAA0D0DED9D0F8F8F8DB55A3
:108FF000F8D8A878DAA0D0DFD9D0FAF8F8F8F8DBFA
:109000007DF8D89CA88CF530DB38D9D0DEDFA0D035
:10901000DEDFD8A848DB58D9DFD0DEA0DFD0DED82D
:10902000A868DB70D9DFDFA0DFDFD8F1A888902C3B
:10903000547C98A8D05C38D1DAF2AE8CDFF9D8B085
:1090400087A8C1C1B188A8C6F9F9DA36D8A8F9DA73
:1090500036D8A8F9DA36D8A8F9DA36D8A8F9DA363F
:10906000D8F78D9DADF818DAF2AEDFD8F7ADFA304B
:10907000D9A4DEF9D8F2AEDEFAF983A7D9C3C5C701
:10908000F1889BA77AADF7DEDFA4F8849408A79750
:10909000F300AEF29819A488C6A39488F632DFF2E2
:1090A0008393DB09D9F2AADFD8D8AEF8F9D1DAF385
:1090B000A4DEA7F1889B7AD8F38494AE19F9DAAAD2
:1090C000F1DFD8A881C0C3C5C7A39283F628ADDE5F
:1090D000D9F8D8A350ADD9F8D8A378ADD9F8D8F835
:1090E000F9D1A1DADEC3C5C7D8A18194F818F2B0CE
:1090F00089ACC3C5C7F1D8B8B4B09786A8319B0670
:109100009907AB9728889BF00C201440B0B4B8F0B6
:10911000A88A9A285078B79BA82951792470594475
:109120006938644831F1BBAB88002C547CF0B38BB8
:10913000B8A804285078F1B088B49726A85998BBED
:10914000ABB38B02264666B0B8F08A9CA829517949
:109150008B2951798A2470598B2058718A44693837
:109160008B3940688A6448318B30496088F1AC00A3
:109170002C547CF08CA804285078F1889726A859A4
:1091800098AC8C02264666F0899CA82951792470F7
:1091900059446938644831A98809205970AB11389D
:1091A0004069A8193148608CA83C415C207C00F1E2
:1091B00087981986A86E767EA999882D557DD8B195
:1091C000B5B9A3DFDFDFAED0DFAAD0DEF2ABF8F9AE
:1091D000D9B087C4AAF1DFDFBBAFDFDFB9D8B1F107
:1091E000A3978E60DFB084F2C8F8F9D9DED89385F2
:1091F000F14AB183A308B5839A0810B79F10D8F13C
:10920000B0BAAEB08AC2B2B68E9EF1FBD9F41DD808
:10921000F9D90CF1D8F8F8AD61D9AEFBD8F40CF15E
:10922000D8F8F8AD19D9AEFBDFD8F416F1D8F8ADFF
:109230008D61D9F4F4ACF59C9C8DDF2BBAB6AEFAF7
:10924000F8F40BD8F1AED0F8AD51DAAEFAF8F1D8A7
:10925000B9B1B6A3839C08B9B1839AB5AAC0FD3051
:1092600083B79F10B58B93F20202D1ABDADED8F14F
:10927000B080BAABC0C3B284C1C3D8B1B9F38BA3B9
:1092800091B609B4D9ABDEB0879CB9A3DDF1B38B3D
:109290008B8B8B8BB087A3A3A3A3B28BB69BF2A3BC
:1092A000A3A3A3A3A3A3A3A3A3F1B087B59AA3F3F6
:1092B0009BA3A3DCBAACDFB9A3A3A3A3A3A3A3A3DB
:1092C000A3A3A3A3A3A3A3A3D8D8D8BBB3B7F1AA3E
:1092D000F9DAFFD9809AAA28B48098A720B797878F
:1092E000A86688F07951F1902C870CA7819762933A
:1092F000F071716085940129517990A5F1284C6C29
:10930000870C95188578A38390284C6C886CD8F3CB
:10931000A28200F210A8921980A2F2D926D8F18870
:10932000A84DD948D896A83980D93CD89580A83975
:10933000A68698D92CDA87A72CD8A8899519A98050
:10934000D938D8A88939A980DA3CD8A82EA839906C
:10935000D90CD8A8953198D90CD8A809D9FFD8012B
:10936000DAFFD89539A9DA26FFD890A80D8999A8EF
:1093700010809821DA2ED88999A83180DA2ED8A8C1
:1093800086963180DA2ED8A8873180DA2ED8A88246
:1093900092F34180F1D92ED8A882F31980F1D92E09
:1093A000D882ACF3C0A28022F1A62EA72EA92298C3
:1093B000A829DAACDEFFD8A2F22AF1A92E8292A85F
:1093C000F23180A696F1D900AC8C9C0C30ACDED08A
:1093D000DEFFD88C9CACD010ACDE8092A2F24C8226
:1093E000A8F1CAF235F19688A6D900D8F1FF00009D
:1093F000555555555555C53F7D6FEB0312D6D4BF16
:109400005544880E55C1C93F3B8F68B52882A4BF1B
:1094100088B20175E0EF493F09F7FD0DE13D023FDC
:109420004B2D8A1C273A03C0C88A599CE52A004064
:1094300059018D1B6C06E6BF82922EB1C5B8B33FB1
:109440004FBB610567ACDD3F182D4454FB21E93F5C
:109450009BF681D20B73EF3F182D4454FB21F93F4B
:10946000E2652F227F2B7A3C075C143326A6813CD1
:10947000BDCBF07A8807703C075C143326A6913C7C
:10948000C4EB98999999C9BF711623FEC671BCBFE8
:109490006D9A74AFF2B0B3BF9AFDDE522DDEADBF50
:1094A0002F6C6A2C44B4A2BF0D5555555555D53F68
:1094B000FF8300922449C23F6E204CC5CD45B73F83
:1094C000513DD0A0660DB13FEB0D76244B7BA93FFB
:1094D00011DA22E33AAD903F0000000000000000E6
:1094E00002400000000000A0000000000540000055
:1094F000000000C8000000000C4000000000409C7C
:1095000000000000194000000020BCBE0000000068
:1095100034400000BFC91B8E00000004B5400000AD
:10952000504BCFD06607E2CF010000006C41000035
:109530003E8251AADFEEA73401000000D9420000AC
:10954000DCB5A0E23A301F97FFFFFFFFB4450000F3
:10955000FD25A0C8E9A3C14FFFFFFFFFFF3F0000AB
:109560000000008000000000FF3F000000000080BD
:1095700000000000446174615461736B00000000DE
:109580006D6F746F725461736B0000006465666187
:10959000756C745461736B0050726F6475637420E2
:1095A00049442072656164206173203020696E64D3
:1095B00069636174657320646576696365206973A6
:1095C0002065697468657220696E636F6D7061747F
:1095D00069626C65206F7220616E204D505533308A
:1095E00035302E0A000000002496000800000020FC
:1095F000000100006C010008249700080001002011
:10960000B0200000880100081C000000430000009A
:10961000F8FFFFFF0C0000000E0000000F0000002C
:109620002E0000000000000000000000000000000C
:109630000000000001000000100000000000000019
:1096400000127A000000000000000000000000008E
:10965000000000000000000000000000000000000A
:1096600000000000000000000000000000000000FA
:1096700000000000000000000000000000000000EA
:1096800000000000000000000000000000000000DA
:1096900000000000000000000000000000000000CA
:1096A00000000000000000000000000000000000BA
:1096B000000000000000000000000000AAAAAAAA02
:1096C00000000000B2870008A68700080000000024
:1096D000000000000000000000000000000000008A
:1096E000000000000000000000000000D08700081B
:1096F0000000000000000000000000000000803FAB
:109700000000000000000000000000000000000059
:109710000000000000000000FF000000FF0000004B
:049720000100000044
:0400000508000131BD
:00000001FF
